{"stats":{"minecraft:used":{"minecraft:red_sand":1,"minecraft:glass_bottle":11,"minecraft:iron_axe":60,"minecraft:bread":11,"minecraft:cyan_bed":1,"minecraft:iron_pickaxe":18,"minecraft:iron_sword":8,"minecraft:torch":1,"minecraft:sand":3,"minecraft:potion":13,"minecraft:hay_block":1,"minecraft:crafting_table":2,"minecraft:crossbow":5,"minecraft:arrow":2},"minecraft:dropped":{"minecraft:wheat_seeds":2,"universal_graves:grave_compass":1},"minecraft:custom":{"minecraft:time_since_rest":11312,"minecraft:sprint_one_cm":91390,"minecraft:damage_taken":1022,"minecraft:walk_one_cm":237651,"minecraft:mob_kills":4,"minecraft:drop":3,"minecraft:damage_dealt":379,"minecraft:interact_with_crafting_table":3,"minecraft:swim_one_cm":69391,"minecraft:talked_to_villager":9,"minecraft:fly_one_cm":390874,"minecraft:open_barrel":6,"minecraft:open_chest":26,"minecraft:crouch_one_cm":369,"minecraft:play_time":107703,"minecraft:deaths":2,"minecraft:sneak_time":387,"minecraft:walk_under_water_one_cm":19002,"minecraft:jump":1201,"minecraft:leave_game":2,"minecraft:time_since_death":32038,"minecraft:walk_on_water_one_cm":13543,"minecraft:sleep_in_bed":3,"minecraft:total_world_time":107703,"minecraft:climb_one_cm":1916,"minecraft:fall_one_cm":28442},"minecraft:mined":{"minecraft:hay_block":46,"universal_graves:grave":1,"minecraft:iron_ore":1,"minecraft:crafting_table":1,"minecraft:ladder":1,"minecraft:coal_ore":3,"minecraft:red_sand":1,"minecraft:acacia_log":55,"minecraft:decorated_pot":3,"minecraft:dead_bush":26,"minecraft:sand":5,"minecraft:copper_ore":1,"minecraft:tall_grass":3,"minecraft:stone":13,"minecraft:cyan_bed":3,"minecraft:sugar_cane":3,"minecraft:wall_torch":1},"minecraft:crafted":{"minecraft:cherry_planks":52,"minecraft:iron_axe":1,"minecraft:crafting_table":1,"minecraft:torch":4},"minecraft:killed":{"minecraft:skeleton":1,"minecraft:pillager":2},"minecraft:picked_up":{"minecraft:raw_iron":12,"minecraft:crafting_table":1,"minecraft:stick":34,"minecraft:ominous_bottle":1,"minecraft:ladder":1,"minecraft:sweet_berries":53,"minecraft:torch":1,"minecraft:acacia_log":55,"minecraft:sand":4,"minecraft:cyan_bed":3,"minecraft:friend_pottery_sherd":1,"minecraft:white_banner":1,"minecraft:raw_copper":51,"minecraft:arrow":4,"universal_graves:grave_compass":1,"minecraft:bone":2,"minecraft:rotten_flesh":10,"minecraft:decorated_pot":3,"minecraft:red_sand":1,"minecraft:wheat_seeds":2,"minecraft:hay_block":46,"minecraft:crossbow":1,"minecraft:warped_roots":1,"minecraft:sugar_cane":8,"minecraft:coal":14,"minecraft:acacia_sapling":14,"minecraft:cobblestone":13}},"DataVersion":3953}