{"stats":{"minecraft:used":{"minecraft:wooden_axe":21,"minecraft:crafting_table":1},"minecraft:picked_up":{"minecraft:crafting_table":1,"minecraft:stick":4,"minecraft:oak_log":18,"minecraft:oak_sapling":7,"minecraft:mutton":2,"minecraft:white_wool":1},"minecraft:custom":{"minecraft:time_since_rest":5684,"minecraft:crouch_one_cm":81,"minecraft:play_time":5684,"minecraft:sprint_one_cm":3437,"minecraft:walk_one_cm":9389,"minecraft:sneak_time":37,"minecraft:mob_kills":1,"minecraft:jump":72,"minecraft:damage_dealt":80,"minecraft:time_since_death":5684,"minecraft:total_world_time":5684,"minecraft:climb_one_cm":198,"minecraft:fall_one_cm":1254,"minecraft:interact_with_crafting_table":1,"minecraft:fly_one_cm":11755},"minecraft:killed":{"minecraft:sheep":1},"minecraft:mined":{"minecraft:grass":3,"minecraft:oak_log":18,"minecraft:crafting_table":1},"minecraft:crafted":{"minecraft:oak_planks":12,"minecraft:crafting_table":1,"minecraft:stick":4,"minecraft:wooden_axe":1}},"DataVersion":3465}