{"stats":{"minecraft:dropped":{"minecraft:wheat_seeds":3,"minecraft:oak_planks":4,"minecraft:pumpkin_seeds":4,"minecraft:dirt":19,"minecraft:melon_seeds":3,"minecraft:chainmail_boots":1},"minecraft:picked_up":{"minecraft:birch_log":14,"minecraft:crafting_table":4,"minecraft:chainmail_boots":1,"minecraft:golden_pickaxe":2,"minecraft:brown_mushroom":4,"scout:pouch":8,"minecraft:oak_log":28,"minecraft:lapis_lazuli":18,"minecraft:dirt":76,"basicweapons:iron_club":2,"minecraft:name_tag":4,"minecraft:bone":14,"basicweapons:iron_spear":4,"minecraft:apple":1,"minecraft:activator_rail":8,"minecraft:wheat_seeds":3,"simplyswords:iron_longsword":2,"minecraft:iron_ingot":68,"minecraft:stone_pickaxe":2,"basicweapons:iron_dagger":2,"minecraft:iron_pickaxe":2,"minecraft:powered_rail":2,"minecraft:birch_sapling":6,"minecraft:oak_planks":4,"minecraft:iron_boots":2,"minecraft:stick":24,"patchouli:guide_book":4,"minecraft:torch":106,"minecraft:redstone":10,"minecraft:pumpkin_seeds":8,"minecraft:arrow":6,"minecraft:diamond_chestplate":2,"minecraft:slime_ball":40,"minecraft:diamond":28,"scout:satchel":4,"minecraft:golden_apple":4,"minecraft:bread":2,"minecraft:gold_ingot":66,"minecraft:emerald":12,"minecraft:oak_sapling":9,"minecraft:melon_seeds":9,"minecraft:glow_berries":14,"minecraft:coal":99,"minecraft:rail":52,"minecraft:cobblestone":2},"minecraft:crafted":{"minecraft:oak_planks":48,"immersive_melodies:didgeridoo":1,"minecraft:crafting_table":2,"simplyswords:diamond_katana":1,"minecraft:diamond_helmet":1,"minecraft:diamond_leggings":1,"minecraft:shield":1,"minecraft:iron_axe":1,"minecraft:stick":8,"minecraft:iron_block":3,"minecraft:chest":2,"minecraft:iron_shovel":1,"minecraft:anvil":1},"minecraft:killed":{"minecraft:skeleton":2,"minecraft:zombie":2},"minecraft:used":{"minecraft:baked_potato":10,"minecraft:chest":2,"minecraft:anvil":1,"minecraft:crafting_table":2,"minecraft:bread":1,"minecraft:iron_axe":54,"minecraft:iron_pickaxe":6,"mysticaloaktree:wise_oak":1,"simplyswords:iron_longsword":39},"minecraft:custom":{"minecraft:mob_kills":5,"minecraft:interact_with_anvil":2,"minecraft:interact_with_crafting_table":11,"minecraft:open_barrel":30,"minecraft:leave_game":1,"minecraft:time_since_death":42536,"minecraft:sleep_in_bed":2,"minecraft:climb_one_cm":120,"minecraft:time_since_rest":3583,"minecraft:sprint_one_cm":65059,"minecraft:damage_taken":1557,"minecraft:walk_one_cm":183975,"minecraft:drop":8,"minecraft:damage_dealt":1130,"minecraft:fly_one_cm":180556,"minecraft:open_chest":38,"minecraft:crouch_one_cm":25,"minecraft:play_time":65005,"minecraft:deaths":4,"minecraft:sneak_time":347,"minecraft:jump":669,"minecraft:total_world_time":65005,"minecraft:fall_one_cm":15080},"minecraft:mined":{"minecraft:dark_oak_leaves":1,"mysticaloaktree:wise_oak":1,"minecraft:birch_log":14,"minecraft:grass":14,"minecraft:coal_ore":1,"minecraft:oak_log":27,"minecraft:stone":2},"minecraft:killed_by":{"minecraft:skeleton":2,"minecraft:zombie":2}},"DataVersion":3465}