{"stats":{"minecraft:crafted":{"minecraft:oak_planks":188,"minecraft:cherry_planks":52,"minecraft:furnace":2,"minecraft:bone_meal":576,"minecraft:bookshelf":14,"minecraft:raw_copper":18,"minecraft:iron_axe":2,"minecraft:chest":6,"minecraft:wheat":497,"minecraft:stripped_oak_log":48,"minecraft:diamond_sword":4,"minecraft:emerald":102,"minecraft:crafting_table":1,"minecraft:enchanting_table":1,"minecraft:iron_sword":1,"minecraft:bell":5,"minecraft:bucket":1,"minecraft:bread":135,"minecraft:air":0,"minecraft:diamond_pickaxe":1,"minecraft:shield":1,"minecraft:iron_ingot":67,"minecraft:iron_shovel":4,"resource_backpacks:backpack_iron":1,"resource_backpacks:backpack_diamond":1,"minecraft:acacia_planks":220,"minecraft:torch":32},"minecraft:mined":{"minecraft:tuff":29,"minecraft:oak_sapling":1,"minecraft:farmland":24,"minecraft:deepslate_diamond_ore":7,"minecraft:obsidian":113,"minecraft:ladder":1,"minecraft:red_sand":1,"minecraft:acacia_log":55,"minecraft:grass_block":1044,"minecraft:decorated_pot":3,"minecraft:moss_block":1,"minecraft:composter":1,"minecraft:large_fern":15,"minecraft:hay_block":98,"universal_graves:grave":1,"minecraft:redstone_ore":1,"minecraft:furnace":1,"minecraft:fire":12,"minecraft:iron_ore":24,"minecraft:cobbled_deepslate":5,"minecraft:andesite":1,"minecraft:deepslate_lapis_ore":1,"minecraft:water_cauldron":1,"minecraft:bookshelf":5,"minecraft:deepslate_iron_ore":2,"minecraft:dirt_path":247,"minecraft:stone":317,"minecraft:smithing_table":1,"minecraft:deepslate_redstone_ore":1,"minecraft:blackstone":1,"minecraft:soul_fire":1,"minecraft:dandelion":3,"minecraft:oak_fence":3,"minecraft:crafting_table":7,"minecraft:torch":15,"minecraft:short_grass":274,"minecraft:poppy":1,"minecraft:dead_bush":26,"minecraft:stone_slab":1,"minecraft:tall_grass":30,"minecraft:copper_ore":3,"minecraft:cobblestone":8,"minecraft:deepslate_gold_ore":1,"minecraft:grindstone":2,"minecraft:cyan_bed":3,"minecraft:oak_planks":28,"minecraft:sugar_cane":3,"minecraft:damaged_anvil":1,"minecraft:wall_torch":10,"minecraft:seagrass":1,"minecraft:wheat":1,"minecraft:stripped_oak_wood":1,"minecraft:oak_log":239,"minecraft:coal_ore":11,"minecraft:gravel":51,"minecraft:sand":5,"minecraft:dirt":382,"minecraft:cobweb":6,"minecraft:gold_ore":1,"minecraft:oak_leaves":9,"minecraft:deepslate":174,"minecraft:fern":31},"minecraft:broken":{"minecraft:iron_shovel":4,"minecraft:golden_shovel":1,"minecraft:iron_axe":2,"minecraft:iron_pickaxe":1},"minecraft:killed":{"minecraft:cave_spider":6,"minecraft:witch":1,"minecraft:spider":2,"minecraft:slime":67,"creeperoverhaul:dripstone_creeper":1,"minecraft:skeleton":9,"minecraft:bat":1,"minecraft:pillager":2,"minecraft:zombie":33,"minecraft:cow":1},"minecraft:picked_up":{"minecraft:crafting_table":7,"minecraft:wheat":288,"minecraft:smithing_table":1,"minecraft:ominous_bottle":1,"minecraft:ladder":1,"minecraft:chest_minecart":1,"minecraft:lead":2,"minecraft:stone_slab":1,"minecraft:potion":1,"minecraft:golden_shovel":1,"minecraft:shield":1,"minecraft:cornflower":3,"minecraft:string":15,"minecraft:raw_copper":107,"universal_graves:grave_compass":1,"minecraft:activator_rail":5,"minecraft:cobbled_deepslate":170,"minecraft:red_sand":1,"minecraft:gold_nugget":2,"minecraft:detector_rail":5,"minecraft:beef":2,"minecraft:oak_boat":2,"minecraft:iron_pickaxe":2,"minecraft:poppy":1,"minecraft:sugar_cane":8,"minecraft:furnace":1,"minecraft:egg":1,"minecraft:stick":121,"minecraft:raw_iron":133,"minecraft:composter":1,"minecraft:oak_fence":5,"minecraft:torch":67,"minecraft:acacia_log":70,"minecraft:fire_charge":2,"minecraft:carrot":7,"minecraft:friend_pottery_sherd":1,"minecraft:redstone":60,"minecraft:cauldron":1,"minecraft:arrow":13,"minecraft:rotten_flesh":37,"minecraft:decorated_pot":3,"minecraft:hay_block":98,"minecraft:glow_berries":5,"minecraft:obsidian":109,"minecraft:cobblestone":323,"minecraft:rail":3,"minecraft:glow_ink_sac":8,"minecraft:andesite":1,"minecraft:leather":54,"minecraft:potato":1,"minecraft:flint":3,"minecraft:tuff":25,"minecraft:oak_log":237,"minecraft:gunpowder":1,"minecraft:lapis_lazuli":23,"minecraft:dirt":1730,"minecraft:white_banner":1,"minecraft:bone":5,"minecraft:acacia_planks":62,"minecraft:apple":12,"basicweapons:iron_spear":1,"minecraft:bow":1,"minecraft:wheat_seeds":72,"minecraft:raw_gold":19,"minecraft:grindstone":2,"minecraft:stripped_oak_wood":1,"basicweapons:iron_dagger":1,"minecraft:powered_rail":8,"minecraft:moss_block":2,"minecraft:acacia_sapling":14,"minecraft:oak_planks":30,"duckling:duck_egg":30,"minecraft:book":15,"minecraft:sweet_berries":53,"minecraft:dandelion":3,"minecraft:gravel":21,"minecraft:sand":4,"minecraft:ink_sac":2,"minecraft:cyan_bed":3,"minecraft:spider_eye":2,"minecraft:slime_ball":54,"minecraft:diamond":30,"minecraft:crossbow":1,"minecraft:bone_meal":354,"minecraft:bread":7,"minecraft:warped_roots":1,"minecraft:damaged_anvil":1,"minecraft:oak_sapling":136,"minecraft:coal":172},"minecraft:used":{"minecraft:oak_fence":2,"minecraft:moss_block":1,"minecraft:enchanting_table":1,"minecraft:flint_and_steel":20,"minecraft:red_sand":1,"minecraft:iron_shovel":1062,"minecraft:chest":6,"minecraft:decorated_pot":1,"minecraft:shield":17,"minecraft:iron_sword":37,"minecraft:zombie_spawn_egg":2,"minecraft:rotten_flesh":5,"minecraft:torch":81,"minecraft:dirt":376,"toughasnails:diamond_purified_water_canteen":15,"minecraft:tuff":1,"minecraft:golden_shovel":32,"minecraft:obsidian":15,"minecraft:bookshelf":19,"minecraft:grass_block":1,"minecraft:iron_axe":446,"minecraft:spawner":2,"minecraft:item_frame":2,"minecraft:bow":1,"minecraft:hay_block":1,"minecraft:oak_sapling":19,"minecraft:furnace":2,"duckling:duck_egg":29,"minecraft:egg":1,"minecraft:cobbled_deepslate":42,"minecraft:arrow":2,"minecraft:water_bucket":26,"minecraft:damaged_anvil":1,"minecraft:glass_bottle":16,"minecraft:oak_planks":32,"minecraft:sand":3,"minecraft:crafting_table":8,"toughasnails:diamond_water_canteen":13,"minecraft:crossbow":5,"minecraft:diamond_pickaxe":627,"minecraft:cornflower":3,"minecraft:bread":64,"minecraft:cyan_bed":3,"minecraft:iron_pickaxe":133,"toughasnails:empty_diamond_canteen":1,"minecraft:stone_slab":1,"minecraft:gravel":9,"minecraft:diamond_sword":75,"minecraft:cobblestone":9,"minecraft:potion":23,"minecraft:grindstone":2,"minecraft:smithing_table":1,"minecraft:bucket":27,"minecraft:oak_boat":4,"minecraft:stripped_oak_log":12,"minecraft:dandelion":1,"minecraft:splash_potion":8,"minecraft:bone_meal":161,"minecraft:experience_bottle":46},"minecraft:dropped":{"minecraft:bread":7,"minecraft:iron_sword":1,"minecraft:moss_block":1,"minecraft:wheat_seeds":8,"minecraft:glow_ink_sac":4,"minecraft:cobblestone":1,"minecraft:leather":52,"minecraft:activator_rail":4,"minecraft:rail":2,"minecraft:dirt":64,"minecraft:torch":35,"minecraft:ink_sac":2,"minecraft:gold_nugget":4,"minecraft:bone_meal":378,"minecraft:acacia_planks":62,"minecraft:redstone":14,"minecraft:bone":2,"minecraft:detector_rail":3,"minecraft:tuff":12,"minecraft:wheat":334,"minecraft:raw_iron":5,"minecraft:rotten_flesh":15,"universal_graves:grave_compass":1,"minecraft:clay_ball":1,"minecraft:golden_shovel":1,"minecraft:orange_wool":1,"minecraft:shield":1,"minecraft:gunpowder":1,"minecraft:andesite":1,"minecraft:arrow":2,"minecraft:powered_rail":3},"minecraft:custom":{"minecraft:interact_with_anvil":3,"minecraft:interact_with_smithing_table":1,"minecraft:mob_kills":126,"minecraft:interact_with_crafting_table":39,"minecraft:open_barrel":86,"minecraft:leave_game":4,"minecraft:time_since_death":32680,"minecraft:climb_one_cm":6231,"minecraft:sprint_one_cm":419291,"minecraft:walk_one_cm":1090200,"minecraft:damage_blocked_by_shield":1594,"minecraft:drop":84,"minecraft:talked_to_villager":56,"minecraft:play_time":337440,"minecraft:sneak_time":2181,"minecraft:deaths":6,"minecraft:walk_under_water_one_cm":32616,"minecraft:boat_one_cm":11,"minecraft:jump":4902,"minecraft:walk_on_water_one_cm":65930,"minecraft:enchant_item":9,"minecraft:total_world_time":337440,"minecraft:interact_with_furnace":12,"minecraft:traded_with_villager":124,"minecraft:interact_with_grindstone":4,"minecraft:sleep_in_bed":15,"minecraft:time_since_rest":16814,"minecraft:damage_taken":4618,"minecraft:damage_dealt":10932,"minecraft:swim_one_cm":81534,"minecraft:fly_one_cm":1141523,"minecraft:open_chest":120,"minecraft:crouch_one_cm":2588,"minecraft:fall_one_cm":94689},"minecraft:killed_by":{"minecraft:creeper":1,"minecraft:skeleton":1,"minecraft:zombie":1}},"DataVersion":3953}