{"stats":{"minecraft:used":{"minecraft:oak_fence":2,"minecraft:water_bucket":6,"minecraft:red_sand":1,"minecraft:glass_bottle":16,"minecraft:oak_planks":2,"minecraft:shield":14,"minecraft:iron_sword":31,"minecraft:rotten_flesh":5,"minecraft:torch":12,"toughasnails:diamond_purified_water_canteen":2,"minecraft:sand":3,"minecraft:crafting_table":6,"minecraft:crossbow":5,"minecraft:cyan_bed":2,"minecraft:iron_axe":107,"minecraft:bread":18,"minecraft:iron_pickaxe":38,"minecraft:bow":1,"minecraft:potion":19,"minecraft:hay_block":1,"minecraft:furnace":1,"minecraft:bucket":7,"minecraft:arrow":2},"minecraft:dropped":{"minecraft:wheat_seeds":2,"minecraft:glow_ink_sac":4,"minecraft:wheat":270,"minecraft:clay_ball":1,"minecraft:cobblestone":1,"minecraft:rotten_flesh":8,"universal_graves:grave_compass":1,"minecraft:orange_wool":1,"minecraft:gunpowder":1},"minecraft:custom":{"minecraft:interact_with_furnace":6,"minecraft:mob_kills":28,"minecraft:interact_with_crafting_table":12,"minecraft:open_barrel":19,"minecraft:leave_game":2,"minecraft:time_since_death":7937,"minecraft:sleep_in_bed":4,"minecraft:climb_one_cm":2669,"minecraft:time_since_rest":7944,"minecraft:sprint_one_cm":125630,"minecraft:damage_taken":2045,"minecraft:walk_one_cm":329900,"minecraft:damage_blocked_by_shield":1384,"minecraft:drop":21,"minecraft:damage_dealt":4753,"minecraft:swim_one_cm":70749,"minecraft:talked_to_villager":9,"minecraft:fly_one_cm":428752,"minecraft:open_chest":26,"minecraft:crouch_one_cm":369,"minecraft:play_time":131703,"minecraft:deaths":4,"minecraft:sneak_time":387,"minecraft:walk_under_water_one_cm":23837,"minecraft:jump":1546,"minecraft:walk_on_water_one_cm":34365,"minecraft:total_world_time":131703,"minecraft:fall_one_cm":33340},"minecraft:mined":{"minecraft:blackstone":1,"minecraft:deepslate_diamond_ore":3,"minecraft:crafting_table":5,"minecraft:ladder":1,"minecraft:red_sand":1,"minecraft:acacia_log":55,"minecraft:decorated_pot":3,"minecraft:dead_bush":26,"minecraft:tall_grass":3,"minecraft:copper_ore":1,"minecraft:cyan_bed":3,"minecraft:sugar_cane":3,"minecraft:wall_torch":1,"minecraft:hay_block":46,"universal_graves:grave":1,"minecraft:furnace":1,"minecraft:iron_ore":7,"minecraft:andesite":1,"minecraft:coal_ore":4,"minecraft:sand":5,"minecraft:stone":14,"minecraft:deepslate":5},"minecraft:crafted":{"minecraft:cherry_planks":52,"minecraft:crafting_table":1,"minecraft:furnace":1,"minecraft:bucket":1,"minecraft:bread":7,"minecraft:air":0,"minecraft:raw_copper":18,"minecraft:shield":1,"minecraft:iron_axe":1,"minecraft:iron_ingot":12,"resource_backpacks:backpack_iron":1,"resource_backpacks:backpack_diamond":1,"minecraft:acacia_planks":32,"minecraft:torch":12,"minecraft:wheat":398},"minecraft:killed":{"minecraft:witch":1,"minecraft:spider":2,"minecraft:bat":1,"creeperoverhaul:dripstone_creeper":1,"minecraft:skeleton":4,"minecraft:pillager":2,"minecraft:zombie":16},"minecraft:picked_up":{"minecraft:crafting_table":5,"minecraft:wheat":186,"minecraft:ominous_bottle":1,"minecraft:ladder":1,"minecraft:glow_ink_sac":8,"minecraft:andesite":1,"minecraft:chest_minecart":1,"minecraft:potion":1,"minecraft:gunpowder":1,"minecraft:string":2,"minecraft:white_banner":1,"minecraft:raw_copper":51,"universal_graves:grave_compass":1,"minecraft:bone":2,"basicweapons:iron_spear":1,"minecraft:activator_rail":1,"minecraft:bow":1,"minecraft:cobbled_deepslate":5,"minecraft:wheat_seeds":2,"minecraft:red_sand":1,"minecraft:detector_rail":2,"basicweapons:iron_dagger":1,"minecraft:iron_pickaxe":2,"minecraft:powered_rail":5,"minecraft:sugar_cane":8,"minecraft:oak_planks":2,"minecraft:acacia_sapling":14,"minecraft:furnace":1,"minecraft:stick":36,"minecraft:raw_iron":44,"minecraft:sweet_berries":53,"minecraft:oak_fence":2,"minecraft:torch":1,"minecraft:acacia_log":55,"minecraft:fire_charge":2,"minecraft:sand":4,"minecraft:friend_pottery_sherd":1,"minecraft:cyan_bed":3,"minecraft:redstone":5,"minecraft:arrow":9,"minecraft:rotten_flesh":21,"minecraft:diamond":10,"minecraft:decorated_pot":3,"minecraft:hay_block":46,"minecraft:crossbow":1,"minecraft:warped_roots":1,"minecraft:glow_berries":5,"minecraft:coal":40,"minecraft:rail":1,"minecraft:cobblestone":15},"minecraft:killed_by":{"minecraft:skeleton":1,"minecraft:zombie":1}},"DataVersion":3953}