{"stats":{"minecraft:used":{"minecraft:moss_block":1,"minecraft:oak_fence":2,"minecraft:water_bucket":12,"minecraft:red_sand":1,"minecraft:glass_bottle":16,"minecraft:oak_planks":2,"minecraft:shield":14,"minecraft:iron_sword":37,"minecraft:rotten_flesh":5,"minecraft:torch":18,"toughasnails:diamond_purified_water_canteen":3,"minecraft:sand":3,"minecraft:crafting_table":6,"minecraft:crossbow":5,"minecraft:bookshelf":1,"minecraft:cyan_bed":2,"minecraft:iron_axe":123,"minecraft:bread":24,"minecraft:iron_pickaxe":114,"minecraft:bow":1,"minecraft:potion":23,"minecraft:hay_block":1,"minecraft:furnace":1,"minecraft:bucket":13,"minecraft:cobbled_deepslate":5,"minecraft:arrow":2},"minecraft:dropped":{"minecraft:bread":7,"minecraft:moss_block":1,"minecraft:wheat_seeds":2,"minecraft:glow_ink_sac":4,"minecraft:wheat":334,"minecraft:clay_ball":1,"minecraft:cobblestone":1,"minecraft:rotten_flesh":8,"universal_graves:grave_compass":1,"minecraft:orange_wool":1,"minecraft:ink_sac":2,"minecraft:gunpowder":1,"minecraft:andesite":1},"minecraft:custom":{"minecraft:interact_with_furnace":6,"minecraft:mob_kills":34,"minecraft:interact_with_crafting_table":12,"minecraft:open_barrel":21,"minecraft:leave_game":2,"minecraft:time_since_death":19937,"minecraft:sleep_in_bed":4,"minecraft:climb_one_cm":3045,"minecraft:time_since_rest":19944,"minecraft:sprint_one_cm":129434,"minecraft:damage_taken":2435,"minecraft:walk_one_cm":346356,"minecraft:damage_blocked_by_shield":1384,"minecraft:drop":27,"minecraft:damage_dealt":5513,"minecraft:swim_one_cm":70749,"minecraft:talked_to_villager":9,"minecraft:fly_one_cm":458861,"minecraft:open_chest":31,"minecraft:crouch_one_cm":369,"minecraft:play_time":143703,"minecraft:deaths":4,"minecraft:sneak_time":571,"minecraft:walk_under_water_one_cm":24513,"minecraft:jump":1644,"minecraft:walk_on_water_one_cm":38597,"minecraft:total_world_time":143703,"minecraft:fall_one_cm":35550},"minecraft:mined":{"minecraft:tuff":4,"minecraft:blackstone":1,"minecraft:deepslate_diamond_ore":5,"minecraft:crafting_table":6,"minecraft:ladder":1,"minecraft:red_sand":1,"minecraft:acacia_log":55,"minecraft:decorated_pot":3,"minecraft:dead_bush":26,"minecraft:tall_grass":3,"minecraft:copper_ore":1,"minecraft:cyan_bed":3,"minecraft:sugar_cane":3,"minecraft:wall_torch":1,"minecraft:hay_block":46,"universal_graves:grave":1,"minecraft:furnace":1,"minecraft:cobbled_deepslate":3,"minecraft:iron_ore":7,"minecraft:andesite":1,"minecraft:bookshelf":1,"minecraft:coal_ore":4,"minecraft:deepslate_iron_ore":1,"minecraft:gravel":1,"minecraft:sand":5,"minecraft:cobweb":6,"minecraft:stone":14,"minecraft:deepslate":70},"minecraft:crafted":{"minecraft:cherry_planks":52,"minecraft:crafting_table":1,"minecraft:furnace":1,"minecraft:bucket":1,"minecraft:bread":135,"minecraft:air":0,"minecraft:raw_copper":18,"minecraft:shield":1,"minecraft:iron_axe":1,"minecraft:iron_ingot":12,"resource_backpacks:backpack_iron":1,"resource_backpacks:backpack_diamond":1,"minecraft:acacia_planks":32,"minecraft:torch":32,"minecraft:wheat":398},"minecraft:killed":{"minecraft:cave_spider":6,"minecraft:witch":1,"minecraft:spider":2,"minecraft:bat":1,"creeperoverhaul:dripstone_creeper":1,"minecraft:skeleton":4,"minecraft:pillager":2,"minecraft:zombie":16},"minecraft:picked_up":{"minecraft:crafting_table":6,"minecraft:wheat":288,"minecraft:ominous_bottle":1,"minecraft:ladder":1,"minecraft:glow_ink_sac":8,"minecraft:andesite":1,"minecraft:chest_minecart":1,"minecraft:potion":1,"minecraft:gunpowder":1,"minecraft:string":15,"minecraft:white_banner":1,"minecraft:raw_copper":51,"universal_graves:grave_compass":1,"minecraft:bone":2,"basicweapons:iron_spear":1,"minecraft:activator_rail":1,"minecraft:bow":1,"minecraft:cobbled_deepslate":69,"minecraft:wheat_seeds":2,"minecraft:red_sand":1,"minecraft:detector_rail":2,"basicweapons:iron_dagger":1,"minecraft:iron_pickaxe":2,"minecraft:moss_block":1,"minecraft:powered_rail":5,"minecraft:sugar_cane":8,"minecraft:oak_planks":2,"minecraft:acacia_sapling":14,"minecraft:furnace":1,"minecraft:book":3,"minecraft:stick":36,"minecraft:raw_iron":46,"minecraft:sweet_berries":53,"minecraft:oak_fence":2,"minecraft:torch":1,"minecraft:acacia_log":55,"minecraft:fire_charge":2,"minecraft:sand":4,"minecraft:ink_sac":2,"minecraft:friend_pottery_sherd":1,"minecraft:cyan_bed":3,"minecraft:redstone":5,"minecraft:spider_eye":2,"minecraft:arrow":9,"minecraft:rotten_flesh":21,"minecraft:diamond":14,"minecraft:decorated_pot":3,"minecraft:hay_block":46,"minecraft:crossbow":1,"minecraft:bread":7,"minecraft:warped_roots":1,"minecraft:glow_berries":5,"minecraft:coal":40,"minecraft:rail":1,"minecraft:cobblestone":15},"minecraft:killed_by":{"minecraft:skeleton":1,"minecraft:zombie":1}},"DataVersion":3953}