{"stats":{"minecraft:killed":{"minecraft:cave_spider":1,"minecraft:spider":9,"minecraft:skeleton":8,"camocreepers:camo_creeper":1,"minecraft:zombie":15,"creeperoverhaul:savannah_creeper":1,"minecraft:cow":10},"minecraft:crafted":{"minecraft:smooth_stone":24,"minecraft:oak_planks":736,"minecraft:furnace":8,"minecraft:blast_furnace":1,"minecraft:stone":34,"minecraft:lever":2,"minecraft:bone_meal":36,"minecraft:detector_rail":18,"minecraft:diamond_helmet":1,"minecraft:diamond_leggings":1,"minecraft:iron_axe":4,"minecraft:iron_hoe":1,"minecraft:stone_pressure_plate":3,"minecraft:chest":4,"minecraft:oak_fence":42,"minecraft:minecart":1,"sophisticatedbackpacks:iron_backpack":8,"minecraft:smoker":1,"minecraft:wheat":36,"minecraft:cooked_beef":21,"minecraft:red_dye":2,"minecraft:oak_slab":24,"sophisticatedbackpacks:backpack":1,"minecraft:emerald":25,"immersive_melodies:didgeridoo":1,"minecraft:crafting_table":2,"minecraft:powered_rail":72,"minecraft:copper_ingot":192,"minecraft:bucket":1,"minecraft:fletching_table":1,"minecraft:orange_dye":2,"minecraft:air":0,"torchesntrinkets:torch_belt":1,"minecraft:blue_dye":4,"minecraft:oak_fence_gate":4,"minecraft:oak_boat":1,"simplyswords:diamond_katana":1,"minecraft:purple_dye":2,"minecraft:yellow_dye":2,"minecraft:shield":1,"minecraft:stick":818,"minecraft:iron_ingot":165,"minecraft:iron_block":4,"minecraft:iron_shovel":3,"minecraft:gold_ingot":47,"minecraft:stonecutter":1,"minecraft:anvil":1,"minecraft:composter":1,"minecraft:torch":108,"animal_feeding_trough:feeding_trough":2},"minecraft:picked_up":{"minecraft:crafting_table":4,"minecraft:wheat":7,"minecraft:chainmail_boots":1,"simplyswords:diamond_katana":2,"minecraft:golden_pickaxe":4,"minecraft:brown_mushroom":4,"minecraft:stone_brick_stairs":1,"minecraft:shield":2,"minecraft:string":33,"minecraft:raw_copper":229,"minecraft:iron_axe":2,"minecraft:iron_shovel":2,"minecraft:activator_rail":9,"minecraft:diamond_leggings":2,"minecraft:detector_rail":1,"minecraft:cobbled_deepslate":1258,"simplyswords:iron_longsword":2,"minecraft:beef":21,"minecraft:redstone_torch":3,"minecraft:poppy":18,"minecraft:iron_pickaxe":3,"minecraft:minecart":17,"minecraft:coal_block":4,"minecraft:birch_sapling":34,"minecraft:iron_boots":4,"minecraft:golden_helmet":1,"minecraft:raw_iron":101,"minecraft:stick":148,"minecraft:torch":206,"minecraft:acacia_log":1,"minecraft:villager_spawn_egg":1,"minecraft:carrot":3,"minecraft:redstone":93,"minecraft:arrow":13,"minecraft:diamond_chestplate":4,"minecraft:rotten_flesh":10,"scout:satchel":5,"minecraft:hay_block":4,"minecraft:gold_ingot":149,"minecraft:glow_berries":14,"minecraft:cobblestone":987,"minecraft:rail":69,"minecraft:birch_log":79,"minecraft:cooked_beef":8,"minecraft:leather":12,"minecraft:flint":1,"minecraft:tuff":88,"scout:pouch":8,"minecraft:oak_log":234,"minecraft:cobblestone_stairs":146,"minecraft:lapis_lazuli":363,"minecraft:dirt":479,"basicweapons:iron_club":2,"minecraft:name_tag":4,"minecraft:bone":24,"minecraft:chipped_anvil":1,"minecraft:apple":12,"basicweapons:iron_spear":4,"minecraft:stone_bricks":3,"minecraft:stonecutter":2,"minecraft:wheat_seeds":42,"minecraft:raw_gold":77,"torchesntrinkets:torch_belt":1,"minecraft:stone_pickaxe":2,"minecraft:iron_ingot":245,"minecraft:iron_ore":79,"basicweapons:iron_dagger":2,"minecraft:mossy_stone_bricks":3,"minecraft:fletching_table":2,"minecraft:diamond_helmet":2,"minecraft:powered_rail":42,"minecraft:oak_planks":19,"patchouli:guide_book":4,"minecraft:dandelion":6,"minecraft:gravel":2,"sophisticatedbackpacks:iron_backpack":1,"minecraft:spider_eye":5,"minecraft:mossy_cobblestone":10,"minecraft:pumpkin_seeds":12,"minecraft:slime_ball":40,"minecraft:diamond":177,"minecraft:lever":1,"minecraft:bone_meal":2,"minecraft:golden_apple":10,"minecraft:bread":2,"minecraft:emerald":18,"minecraft:oak_sapling":142,"minecraft:baked_potato":20,"minecraft:melon_seeds":9,"minecraft:coal":462},"minecraft:custom":{"minecraft:mob_kills":49,"minecraft:interact_with_anvil":20,"minecraft:animals_bred":7,"minecraft:interact_with_crafting_table":56,"minecraft:open_barrel":42,"minecraft:leave_game":2,"minecraft:time_since_death":89058,"minecraft:climb_one_cm":2779,"minecraft:sprint_one_cm":531690,"minecraft:walk_one_cm":953875,"minecraft:damage_blocked_by_shield":1815,"minecraft:drop":18,"minecraft:talked_to_villager":16,"minecraft:play_time":280470,"minecraft:deaths":6,"minecraft:sneak_time":1723,"minecraft:jump":3919,"minecraft:interact_with_blast_furnace":1,"minecraft:walk_on_water_one_cm":640,"minecraft:total_world_time":280470,"minecraft:interact_with_furnace":78,"minecraft:traded_with_villager":25,"minecraft:interact_with_stonecutter":6,"minecraft:sleep_in_bed":7,"minecraft:time_since_rest":89065,"minecraft:damage_taken":3433,"minecraft:minecart_one_cm":193856,"minecraft:damage_dealt":8770,"minecraft:fly_one_cm":793012,"minecraft:open_chest":94,"minecraft:crouch_one_cm":2166,"minecraft:interact_with_smoker":6,"minecraft:fall_one_cm":83110},"minecraft:killed_by":{"minecraft:cave_spider":1,"minecraft:skeleton":2,"minecraft:zombie":2},"minecraft:mined":{"minecraft:tuff":50,"minecraft:farmland":2,"minecraft:mossy_cobblestone":10,"minecraft:deepslate_diamond_ore":17,"minecraft:dark_oak_leaves":1,"minecraft:cobblestone_stairs":100,"minecraft:lever":1,"minecraft:grass_block":311,"minecraft:coal_block":4,"minecraft:hay_block":4,"minecraft:redstone_ore":1,"minecraft:iron_ore":6,"minecraft:cobbled_deepslate":9,"minecraft:deepslate_lapis_ore":7,"minecraft:fletching_table":2,"minecraft:deepslate_iron_ore":13,"minecraft:rail":16,"minecraft:stone":972,"minecraft:tripwire":8,"minecraft:deepslate_redstone_ore":6,"minecraft:soul_fire":1,"minecraft:dandelion":6,"minecraft:torch":20,"minecraft:poppy":16,"mysticaloaktree:wise_oak":1,"minecraft:tall_grass":33,"minecraft:cobblestone":10,"minecraft:copper_ore":11,"minecraft:deepslate_gold_ore":13,"minecraft:lapis_ore":1,"minecraft:wall_torch":1,"minecraft:deepslate_copper_ore":3,"minecraft:powered_rail":26,"minecraft:redstone_torch":3,"minecraft:birch_log":65,"minecraft:activator_rail":1,"minecraft:birch_leaves":1,"minecraft:grass":209,"minecraft:coal_ore":12,"minecraft:oak_log":218,"minecraft:gravel":3,"minecraft:dirt":89,"minecraft:stonecutter":2,"minecraft:gold_ore":2,"minecraft:mossy_stone_bricks":1,"minecraft:chipped_anvil":1,"minecraft:deepslate":671,"minecraft:oak_leaves":43},"minecraft:dropped":{"minecraft:iron_ingot":5,"minecraft:wheat_seeds":3,"minecraft:lapis_lazuli":7,"minecraft:cobblestone":1,"minecraft:stick":14,"minecraft:dirt":19,"minecraft:torch":1,"minecraft:cobbled_deepslate":64,"minecraft:rotten_flesh":2,"minecraft:oak_planks":4,"minecraft:pumpkin_seeds":8,"minecraft:melon_seeds":3,"minecraft:oak_sapling":40,"minecraft:chainmail_boots":1},"minecraft:used":{"minecraft:oak_fence":42,"minecraft:iron_shovel":540,"minecraft:poppy":2,"minecraft:shield":28,"minecraft:chest":3,"minecraft:stone":12,"minecraft:rotten_flesh":4,"minecraft:torch":204,"minecraft:dirt":70,"minecraft:anvil":1,"minecraft:carrot":5,"minecraft:oak_fence_gate":4,"minecraft:milk_bucket":1,"minecraft:iron_hoe":113,"minecraft:chipped_anvil":1,"minecraft:villager_spawn_egg":7,"minecraft:iron_axe":350,"simplyswords:iron_longsword":39,"mysticaloaktree:wise_oak":1,"minecraft:stone_brick_stairs":1,"minecraft:stone_bricks":3,"minecraft:oak_sapling":80,"minecraft:furnace":6,"minecraft:minecart":16,"minecraft:potato":5,"minecraft:cooked_beef":15,"minecraft:cobbled_deepslate":93,"minecraft:wheat_seeds":39,"minecraft:water_bucket":9,"minecraft:mossy_stone_bricks":3,"minecraft:cow_spawn_egg":7,"minecraft:cobblestone_stairs":284,"simplyswords:diamond_katana":109,"minecraft:powered_rail":150,"minecraft:stone_pickaxe":114,"minecraft:baked_potato":30,"minecraft:oak_planks":38,"minecraft:composter":1,"minecraft:fletching_table":3,"minecraft:stonecutter":3,"animal_feeding_trough:feeding_trough":2,"minecraft:glow_berries":9,"minecraft:rail":67,"minecraft:oak_slab":3,"minecraft:crafting_table":2,"minecraft:blast_furnace":1,"minecraft:smoker":1,"minecraft:redstone_torch":24,"minecraft:oak_log":1,"minecraft:lever":2,"minecraft:activator_rail":1,"minecraft:bread":1,"minecraft:string":9,"minecraft:iron_pickaxe":3372,"minecraft:detector_rail":30,"minecraft:gravel":2,"minecraft:cobblestone":196,"minecraft:bucket":9,"minecraft:bone_meal":38,"minecraft:golden_pickaxe":462},"minecraft:broken":{"minecraft:iron_shovel":2}},"DataVersion":3465}