{"stats":{"minecraft:picked_up":{"minecraft:crafting_table":4,"minecraft:leather":5,"minecraft:oak_stairs":1,"minecraft:oak_log":26,"minecraft:lily_pad":7,"minecraft:apple":1,"minecraft:beef":7,"minecraft:oak_boat":3,"minecraft:iron_nugget":4,"minecraft:sugar_cane":10,"minecraft:chest":2,"minecraft:furnace":1,"minecraft:stick":6,"minecraft:torch":1,"minecraft:fire_charge":1,"minecraft:arrow":1,"minecraft:hay_block":14,"minecraft:oak_sapling":11,"minecraft:mutton":8,"minecraft:coal":15,"minecraft:cobblestone":12,"minecraft:white_wool":5},"minecraft:used":{"minecraft:cooked_mutton":2,"minecraft:tropical_fish":2,"minecraft:wooden_pickaxe":17,"minecraft:chest":2,"minecraft:shield":3,"basicweapons:golden_club":4,"minecraft:torch":1,"minecraft:crafting_table":5,"minecraft:wooden_axe":45,"minecraft:apple":1,"minecraft:bread":1,"minecraft:furnace":2,"minecraft:cooked_cod":1,"minecraft:oak_boat":3},"minecraft:custom":{"minecraft:interact_with_furnace":8,"minecraft:mob_kills":10,"minecraft:traded_with_villager":2,"minecraft:interact_with_crafting_table":14,"minecraft:open_barrel":12,"minecraft:time_since_death":29684,"minecraft:climb_one_cm":1686,"minecraft:time_since_rest":29684,"minecraft:sprint_one_cm":45108,"minecraft:damage_taken":280,"minecraft:walk_one_cm":48828,"minecraft:damage_blocked_by_shield":195,"minecraft:drop":2,"minecraft:damage_dealt":1000,"minecraft:swim_one_cm":19563,"minecraft:talked_to_villager":1,"minecraft:fly_one_cm":106823,"minecraft:open_chest":10,"minecraft:crouch_one_cm":81,"minecraft:play_time":29684,"minecraft:sneak_time":77,"minecraft:walk_under_water_one_cm":598,"minecraft:boat_one_cm":76346,"minecraft:jump":511,"minecraft:walk_on_water_one_cm":5775,"minecraft:total_world_time":29684,"minecraft:fall_one_cm":13726},"minecraft:killed":{"minecraft:sheep":5,"minecraft:skeleton":1,"minecraft:cow":4},"minecraft:dropped":{"minecraft:stick":1,"minecraft:wooden_pickaxe":1},"minecraft:mined":{"minecraft:crafting_table":4,"minecraft:torch":1,"minecraft:chest":2,"minecraft:sugar_cane":5,"minecraft:hay_block":14,"minecraft:furnace":1,"minecraft:grass":3,"minecraft:coal_ore":4,"minecraft:oak_log":26,"minecraft:oak_stairs":1,"minecraft:stone":12},"minecraft:crafted":{"minecraft:cooked_cod":6,"minecraft:oak_planks":104,"minecraft:emerald":1,"sophisticatedbackpacks:backpack":1,"minecraft:crafting_table":1,"minecraft:wooden_pickaxe":1,"minecraft:furnace":1,"minecraft:cooked_mutton":2,"minecraft:bread":42,"minecraft:air":0,"minecraft:oak_boat":1,"minecraft:shield":1,"minecraft:stick":4,"minecraft:iron_ingot":1,"minecraft:stone_pickaxe":1,"minecraft:wooden_axe":1,"minecraft:chest":1,"minecraft:torch":4,"minecraft:wheat":126}},"DataVersion":3465}