{"stats":{"minecraft:broken":{"minecraft:iron_shovel":4,"minecraft:iron_axe":1,"minecraft:wooden_axe":1},"minecraft:killed_by":{"minecraft:spider":1,"camocreepers:camo_creeper":1},"minecraft:used":{"minecraft:beetroot":1,"minecraft:iron_shovel":1093,"minecraft:flint_and_steel":2,"minecraft:tropical_fish":2,"minecraft:poppy":2,"minecraft:oak_sign":1,"minecraft:chest":17,"minecraft:shield":11,"minecraft:stone":26,"minecraft:rotten_flesh":3,"minecraft:torch":47,"minecraft:dirt":653,"basicweapons:diamond_quarterstaff":1,"minecraft:wooden_axe":52,"minecraft:iron_axe":322,"minecraft:grass_block":1,"minecraft:furnace":8,"minecraft:cooked_cod":1,"minecraft:cooked_mutton":2,"minecraft:water_bucket":1,"minecraft:dirt_path":3,"minecraft:stone_pickaxe":43,"minecraft:oak_planks":3,"minecraft:wooden_pickaxe":17,"basicweapons:golden_club":25,"minecraft:tnt":1,"minecraft:crafting_table":8,"minecraft:oak_log":1,"minecraft:piston":56,"minecraft:lever":18,"minecraft:diamond_pickaxe":144,"minecraft:apple":1,"minecraft:bread":15,"minecraft:iron_pickaxe":174,"minecraft:cobblestone":46,"minecraft:bucket":2,"minecraft:oak_boat":3},"minecraft:dropped":{"minecraft:wheat_seeds":1,"minecraft:stick":1,"minecraft:dirt":7,"minecraft:rotten_flesh":1,"minecraft:oak_planks":30,"minecraft:arrow":4,"minecraft:wooden_pickaxe":1},"minecraft:picked_up":{"minecraft:wooden_axe":1,"minecraft:fishing_rod":2,"minecraft:iron_chestplate":6,"minecraft:crafting_table":6,"minecraft:wheat":13,"minecraft:azure_bluet":1,"minecraft:chicken":54,"minecraft:chest_minecart":17,"minecraft:oak_stairs":307,"minecraft:enchanted_book":2,"minecraft:brewing_stand":2,"minecraft:shield":7,"minecraft:cornflower":3,"minecraft:string":21,"minecraft:moss_carpet":34,"minecraft:raw_copper":192,"minecraft:iron_axe":6,"minecraft:flint_and_steel":1,"minecraft:iron_leggings":6,"minecraft:iron_shovel":6,"minecraft:oak_sign":2,"minecraft:beetroot":7,"minecraft:activator_rail":13,"minecraft:detector_rail":19,"minecraft:gold_nugget":18,"minecraft:cobbled_deepslate":108,"minecraft:beef":25,"minecraft:oak_boat":5,"minecraft:poppy":2,"minecraft:iron_nugget":8,"minecraft:light_gray_wool":2,"minecraft:iron_pickaxe":4,"minecraft:enchanted_golden_apple":1,"minecraft:sugar_cane":20,"minecraft:chest":6,"minecraft:piston":1,"minecraft:egg":32,"minecraft:iron_boots":6,"minecraft:furnace":3,"minecraft:golden_helmet":1,"minecraft:stick":23,"minecraft:raw_iron":200,"minecraft:oak_door":1,"minecraft:composter":2,"minecraft:oak_fence":3,"minecraft:torch":536,"sophisticatedbackpacks:backpack":3,"minecraft:fire_charge":2,"minecraft:porkchop":4,"minecraft:dried_kelp":25,"minecraft:diorite":2,"minecraft:carrot":56,"basicweapons:diamond_quarterstaff":1,"minecraft:redstone":49,"minecraft:arrow":26,"minecraft:rotten_flesh":72,"minecraft:cooked_cod":10,"minecraft:beetroot_seeds":42,"minecraft:hay_block":26,"minecraft:gold_ingot":2,"minecraft:white_terracotta":57,"basicweapons:iron_quarterstaff":2,"minecraft:glow_berries":56,"minecraft:mutton":12,"minecraft:cod":45,"minecraft:rail":108,"minecraft:white_wool":46,"minecraft:cobblestone":290,"minecraft:oxeye_daisy":2,"minecraft:feather":81,"minecraft:cooked_beef":14,"minecraft:glow_ink_sac":7,"minecraft:water_bucket":1,"minecraft:salmon":2,"minecraft:leather":32,"minecraft:potato":16,"minecraft:tuff":189,"minecraft:oak_log":482,"minecraft:lily_pad":7,"minecraft:yellow_bed":6,"minecraft:cobblestone_wall":2,"minecraft:cobblestone_stairs":6,"minecraft:lapis_lazuli":63,"minecraft:dirt":2198,"basicweapons:iron_club":5,"minecraft:name_tag":7,"minecraft:cooked_mutton":68,"minecraft:bone":22,"minecraft:apple":1,"basicweapons:iron_spear":6,"minecraft:kelp":13,"minecraft:wheat_seeds":151,"minecraft:raw_gold":3,"minecraft:stone_pickaxe":2,"minecraft:rabbit_hide":4,"minecraft:iron_ingot":193,"minecraft:cooked_chicken":14,"minecraft:rabbit":6,"minecraft:stripped_oak_wood":1,"basicweapons:iron_dagger":4,"minecraft:powered_rail":9,"minecraft:oak_planks":350,"minecraft:cooked_porkchop":37,"basicweapons:iron_hammer":1,"minecraft:dandelion":42,"minecraft:raw_iron_block":1,"sophisticatedbackpacks:iron_backpack":6,"minecraft:ink_sac":9,"minecraft:spider_eye":3,"minecraft:mossy_cobblestone":7,"minecraft:pumpkin_seeds":17,"basicweapons:golden_club":1,"minecraft:diamond":17,"minecraft:lever":10,"minecraft:iron_helmet":6,"minecraft:golden_apple":2,"minecraft:golden_horse_armor":3,"minecraft:bread":127,"minecraft:oak_sapling":11,"minecraft:black_wool":1,"minecraft:melon_seeds":10,"minecraft:coal":102,"minecraft:diamond_pickaxe":6},"minecraft:custom":{"minecraft:mob_kills":24,"minecraft:interact_with_crafting_table":61,"minecraft:open_barrel":12,"minecraft:leave_game":2,"minecraft:time_since_death":204,"minecraft:climb_one_cm":1686,"minecraft:sprint_one_cm":196105,"minecraft:walk_one_cm":576375,"minecraft:damage_blocked_by_shield":750,"minecraft:drop":13,"minecraft:talked_to_villager":3,"minecraft:play_time":154217,"minecraft:deaths":8,"minecraft:sneak_time":930,"minecraft:walk_under_water_one_cm":757,"minecraft:boat_one_cm":76346,"minecraft:jump":2242,"minecraft:walk_on_water_one_cm":6902,"minecraft:total_world_time":154217,"minecraft:interact_with_furnace":44,"minecraft:traded_with_villager":2,"minecraft:sleep_in_bed":3,"minecraft:time_since_rest":206,"minecraft:damage_taken":1666,"minecraft:damage_dealt":3520,"minecraft:swim_one_cm":20023,"minecraft:fly_one_cm":401467,"minecraft:open_chest":73,"minecraft:crouch_one_cm":1169,"minecraft:fall_one_cm":37997},"minecraft:crafted":{"minecraft:oak_planks":104,"minecraft:raw_iron":9,"minecraft:furnace":4,"minecraft:cooked_mutton":2,"minecraft:iron_boots":1,"minecraft:iron_axe":2,"minecraft:stone_pickaxe":1,"minecraft:chest":11,"sophisticatedbackpacks:iron_backpack":1,"minecraft:wheat":234,"minecraft:cooked_cod":6,"minecraft:emerald":1,"sophisticatedbackpacks:backpack":1,"minecraft:crafting_table":3,"minecraft:wooden_pickaxe":1,"minecraft:iron_helmet":1,"minecraft:bucket":1,"basicweapons:diamond_quarterstaff":1,"minecraft:bread":78,"minecraft:air":0,"minecraft:oak_boat":1,"minecraft:iron_chestplate":1,"minecraft:diamond_pickaxe":1,"minecraft:shield":1,"minecraft:stick":36,"minecraft:iron_ingot":150,"minecraft:iron_pickaxe":1,"minecraft:wooden_axe":1,"minecraft:iron_shovel":5,"minecraft:iron_leggings":1,"minecraft:torch":36},"minecraft:mined":{"minecraft:diamond_ore":1,"minecraft:tuff":63,"minecraft:farmland":38,"minecraft:mossy_cobblestone":3,"minecraft:deepslate_diamond_ore":2,"minecraft:oak_door":1,"minecraft:cobblestone_stairs":3,"minecraft:brewing_stand":1,"minecraft:grass_block":362,"minecraft:composter":1,"minecraft:hay_block":26,"minecraft:raw_iron_block":1,"minecraft:furnace":3,"minecraft:iron_ore":6,"minecraft:moss_carpet":1,"minecraft:deepslate_lapis_ore":1,"minecraft:dirt_path":177,"minecraft:oak_sign":1,"minecraft:deepslate_iron_ore":41,"minecraft:oak_stairs":127,"minecraft:stone":53,"minecraft:deepslate_redstone_ore":1,"minecraft:glass_pane":3,"minecraft:dandelion":4,"minecraft:oak_fence":3,"minecraft:crafting_table":6,"minecraft:torch":11,"minecraft:poppy":2,"minecraft:chest":6,"minecraft:white_stained_glass_pane":4,"minecraft:copper_ore":4,"minecraft:tall_grass":27,"minecraft:cobblestone":51,"minecraft:deepslate_gold_ore":1,"minecraft:lapis_ore":1,"minecraft:sugar_cane":5,"minecraft:oak_planks":78,"minecraft:white_terracotta":57,"minecraft:cobblestone_wall":2,"minecraft:stripped_oak_wood":1,"minecraft:yellow_bed":1,"minecraft:yellow_stained_glass_pane":5,"minecraft:grass":260,"minecraft:coal_ore":7,"minecraft:oak_log":123,"minecraft:dirt":160,"minecraft:gold_ore":1,"minecraft:deepslate":62},"minecraft:killed":{"minecraft:spider":5,"minecraft:skeleton":3,"minecraft:sheep":5,"minecraft:zombie":6,"camocreepers:camo_creeper":1,"minecraft:cow":4}},"DataVersion":3465}