{"stats":{"minecraft:used":{"minecraft:cooked_mutton":2,"minecraft:tropical_fish":2,"minecraft:stone_pickaxe":43,"minecraft:oak_planks":3,"minecraft:wooden_pickaxe":17,"minecraft:chest":2,"minecraft:shield":10,"basicweapons:golden_club":25,"minecraft:torch":34,"minecraft:crafting_table":6,"minecraft:wooden_axe":49,"minecraft:diamond_pickaxe":4,"minecraft:apple":1,"minecraft:bread":8,"minecraft:iron_pickaxe":174,"minecraft:cobblestone":11,"minecraft:furnace":3,"minecraft:cooked_cod":1,"minecraft:oak_boat":3},"minecraft:picked_up":{"minecraft:wooden_axe":1,"minecraft:fishing_rod":1,"minecraft:crafting_table":4,"minecraft:salmon":2,"minecraft:leather":6,"minecraft:oak_stairs":1,"minecraft:tuff":63,"minecraft:oak_log":26,"minecraft:lily_pad":7,"minecraft:shield":1,"minecraft:lapis_lazuli":37,"minecraft:string":5,"minecraft:raw_copper":192,"minecraft:flint_and_steel":1,"minecraft:bone":4,"minecraft:apple":1,"basicweapons:iron_spear":1,"minecraft:kelp":13,"minecraft:cobbled_deepslate":62,"minecraft:gold_nugget":3,"minecraft:raw_gold":3,"minecraft:iron_ingot":7,"minecraft:beef":14,"minecraft:stone_pickaxe":1,"minecraft:oak_boat":4,"minecraft:iron_nugget":4,"minecraft:iron_pickaxe":1,"minecraft:sugar_cane":20,"minecraft:chest":4,"minecraft:oak_planks":58,"minecraft:furnace":1,"minecraft:golden_helmet":1,"minecraft:raw_iron":142,"minecraft:stick":14,"minecraft:torch":14,"minecraft:dandelion":1,"minecraft:raw_iron_block":1,"sophisticatedbackpacks:backpack":1,"minecraft:fire_charge":1,"minecraft:dried_kelp":25,"minecraft:diorite":2,"minecraft:redstone":13,"minecraft:spider_eye":3,"minecraft:cooked_cod":5,"minecraft:arrow":6,"basicweapons:golden_club":1,"minecraft:rotten_flesh":2,"minecraft:diamond":8,"minecraft:hay_block":14,"minecraft:golden_horse_armor":1,"minecraft:bread":44,"minecraft:oak_sapling":11,"minecraft:cod":15,"minecraft:mutton":8,"minecraft:coal":48,"minecraft:cobblestone":74,"minecraft:white_wool":10},"minecraft:custom":{"minecraft:interact_with_furnace":21,"minecraft:mob_kills":17,"minecraft:traded_with_villager":2,"minecraft:interact_with_crafting_table":33,"minecraft:open_barrel":12,"minecraft:time_since_death":14564,"minecraft:climb_one_cm":1686,"minecraft:time_since_rest":14595,"minecraft:sprint_one_cm":49976,"minecraft:damage_taken":942,"minecraft:walk_one_cm":137823,"minecraft:damage_blocked_by_shield":705,"minecraft:drop":2,"minecraft:damage_dealt":2170,"minecraft:swim_one_cm":19563,"minecraft:talked_to_villager":1,"minecraft:fly_one_cm":115295,"minecraft:open_chest":15,"minecraft:crouch_one_cm":280,"minecraft:play_time":53684,"minecraft:deaths":1,"minecraft:sneak_time":370,"minecraft:walk_under_water_one_cm":598,"minecraft:boat_one_cm":76346,"minecraft:jump":790,"minecraft:walk_on_water_one_cm":5863,"minecraft:total_world_time":53684,"minecraft:fall_one_cm":17414},"minecraft:killed":{"minecraft:spider":4,"minecraft:sheep":5,"minecraft:skeleton":2,"minecraft:zombie":2,"minecraft:cow":4},"minecraft:dropped":{"minecraft:stick":1,"minecraft:wooden_pickaxe":1},"minecraft:mined":{"minecraft:deepslate_redstone_ore":1,"minecraft:diamond_ore":1,"minecraft:tuff":63,"minecraft:deepslate_diamond_ore":2,"minecraft:crafting_table":4,"minecraft:torch":3,"minecraft:chest":4,"minecraft:copper_ore":4,"minecraft:lapis_ore":1,"minecraft:deepslate_gold_ore":1,"minecraft:sugar_cane":5,"minecraft:hay_block":14,"minecraft:raw_iron_block":1,"minecraft:furnace":1,"minecraft:iron_ore":6,"minecraft:deepslate_lapis_ore":1,"minecraft:grass":3,"minecraft:deepslate_iron_ore":41,"minecraft:coal_ore":7,"minecraft:oak_log":26,"minecraft:oak_stairs":1,"minecraft:stone":45,"minecraft:gold_ore":1,"minecraft:deepslate":62},"minecraft:crafted":{"minecraft:cooked_cod":6,"minecraft:oak_planks":104,"minecraft:raw_iron":9,"minecraft:emerald":1,"sophisticatedbackpacks:backpack":1,"minecraft:crafting_table":2,"minecraft:wooden_pickaxe":1,"minecraft:iron_helmet":1,"minecraft:furnace":2,"basicweapons:diamond_quarterstaff":1,"minecraft:cooked_mutton":2,"minecraft:bread":42,"minecraft:air":0,"minecraft:oak_boat":1,"minecraft:iron_boots":1,"minecraft:iron_chestplate":1,"minecraft:diamond_pickaxe":1,"minecraft:shield":1,"minecraft:stick":20,"minecraft:iron_ingot":34,"minecraft:iron_pickaxe":1,"minecraft:stone_pickaxe":1,"minecraft:wooden_axe":1,"minecraft:chest":1,"minecraft:iron_leggings":1,"minecraft:torch":36,"minecraft:wheat":126},"minecraft:killed_by":{"minecraft:spider":1}},"DataVersion":3465}