{"stats":{"minecraft:picked_up":{"minecraft:stick":4,"minecraft:crafting_table":4,"minecraft:oak_log":26,"minecraft:lily_pad":6,"minecraft:arrow":1,"minecraft:apple":1,"minecraft:oak_boat":1,"minecraft:oak_sapling":11,"minecraft:sugar_cane":10,"minecraft:chest":1,"minecraft:mutton":2,"minecraft:coal":15,"minecraft:white_wool":1,"minecraft:cobblestone":12,"minecraft:furnace":1},"minecraft:used":{"minecraft:cooked_mutton":1,"minecraft:wooden_axe":34,"minecraft:apple":1,"minecraft:shield":3,"minecraft:wooden_pickaxe":17,"basicweapons:golden_club":4,"minecraft:crafting_table":4,"minecraft:furnace":1,"minecraft:oak_boat":1},"minecraft:custom":{"minecraft:time_since_rest":17684,"minecraft:interact_with_furnace":7,"minecraft:sprint_one_cm":23417,"minecraft:damage_taken":118,"minecraft:walk_one_cm":27907,"minecraft:damage_blocked_by_shield":195,"minecraft:mob_kills":2,"minecraft:damage_dealt":280,"minecraft:swim_one_cm":3140,"minecraft:interact_with_crafting_table":8,"minecraft:fly_one_cm":52563,"minecraft:open_chest":3,"minecraft:crouch_one_cm":81,"minecraft:play_time":17684,"minecraft:sneak_time":37,"minecraft:walk_under_water_one_cm":374,"minecraft:boat_one_cm":17241,"minecraft:jump":312,"minecraft:time_since_death":17684,"minecraft:walk_on_water_one_cm":3645,"minecraft:climb_one_cm":1448,"minecraft:total_world_time":17684,"minecraft:fall_one_cm":7814},"minecraft:killed":{"minecraft:skeleton":1,"minecraft:sheep":1},"minecraft:mined":{"minecraft:furnace":1,"minecraft:crafting_table":4,"minecraft:grass":3,"minecraft:oak_log":26,"minecraft:coal_ore":4,"minecraft:chest":1,"minecraft:stone":12,"minecraft:sugar_cane":5},"minecraft:crafted":{"minecraft:oak_boat":1,"minecraft:oak_planks":104,"minecraft:shield":1,"minecraft:crafting_table":1,"minecraft:stick":4,"minecraft:iron_ingot":1,"minecraft:wooden_pickaxe":1,"minecraft:stone_pickaxe":1,"minecraft:wooden_axe":1,"minecraft:furnace":1,"minecraft:torch":4,"minecraft:air":0,"minecraft:cooked_mutton":2}},"DataVersion":3465}