{"stats":{"minecraft:used":{"minecraft:iron_shovel":545,"minecraft:flint_and_steel":2,"minecraft:tropical_fish":2,"minecraft:poppy":2,"minecraft:shield":11,"minecraft:chest":4,"minecraft:stone":26,"minecraft:torch":43,"minecraft:dirt":266,"basicweapons:diamond_quarterstaff":1,"minecraft:wooden_axe":52,"minecraft:iron_axe":196,"minecraft:furnace":7,"minecraft:cooked_cod":1,"minecraft:cooked_mutton":2,"minecraft:stone_pickaxe":43,"minecraft:oak_planks":3,"minecraft:wooden_pickaxe":17,"basicweapons:golden_club":25,"minecraft:tnt":1,"minecraft:crafting_table":7,"minecraft:oak_log":1,"minecraft:piston":56,"minecraft:lever":18,"minecraft:diamond_pickaxe":106,"minecraft:apple":1,"minecraft:bread":11,"minecraft:iron_pickaxe":174,"minecraft:cobblestone":36,"minecraft:bucket":1,"minecraft:oak_boat":3},"minecraft:picked_up":{"minecraft:wooden_axe":1,"minecraft:fishing_rod":1,"minecraft:crafting_table":5,"minecraft:wheat":2,"minecraft:azure_bluet":1,"minecraft:oak_stairs":79,"minecraft:brewing_stand":1,"minecraft:shield":1,"minecraft:cornflower":1,"minecraft:string":5,"minecraft:moss_carpet":11,"minecraft:raw_copper":192,"minecraft:flint_and_steel":1,"minecraft:oak_sign":1,"minecraft:beetroot":2,"minecraft:gold_nugget":3,"minecraft:cobbled_deepslate":62,"minecraft:beef":14,"minecraft:oak_boat":4,"minecraft:iron_nugget":4,"minecraft:poppy":2,"minecraft:iron_pickaxe":1,"minecraft:sugar_cane":20,"minecraft:chest":4,"minecraft:piston":1,"minecraft:furnace":3,"minecraft:golden_helmet":1,"minecraft:stick":14,"minecraft:raw_iron":200,"minecraft:oak_door":1,"minecraft:composter":1,"minecraft:oak_fence":3,"minecraft:torch":23,"sophisticatedbackpacks:backpack":1,"minecraft:fire_charge":1,"minecraft:dried_kelp":25,"minecraft:diorite":2,"minecraft:carrot":8,"minecraft:redstone":13,"minecraft:rotten_flesh":4,"minecraft:arrow":7,"minecraft:cooked_cod":5,"minecraft:beetroot_seeds":5,"minecraft:hay_block":26,"minecraft:white_terracotta":57,"minecraft:mutton":8,"minecraft:cod":15,"minecraft:white_wool":10,"minecraft:cobblestone":98,"minecraft:oxeye_daisy":1,"minecraft:salmon":2,"minecraft:leather":6,"minecraft:potato":2,"minecraft:tuff":63,"minecraft:oak_log":95,"minecraft:lily_pad":7,"minecraft:cobblestone_wall":2,"minecraft:cobblestone_stairs":3,"minecraft:lapis_lazuli":43,"minecraft:dirt":462,"minecraft:bone":6,"minecraft:apple":1,"basicweapons:iron_spear":1,"minecraft:kelp":13,"minecraft:wheat_seeds":50,"minecraft:raw_gold":3,"minecraft:stone_pickaxe":1,"minecraft:iron_ingot":9,"minecraft:stripped_oak_wood":1,"minecraft:oak_planks":102,"minecraft:dandelion":12,"minecraft:raw_iron_block":1,"minecraft:spider_eye":3,"minecraft:mossy_cobblestone":2,"basicweapons:golden_club":1,"minecraft:diamond":8,"minecraft:lever":10,"minecraft:golden_horse_armor":1,"minecraft:bread":44,"minecraft:oak_sapling":11,"minecraft:coal":74},"minecraft:custom":{"minecraft:mob_kills":18,"minecraft:interact_with_crafting_table":54,"minecraft:open_barrel":12,"minecraft:time_since_death":68564,"minecraft:climb_one_cm":1686,"minecraft:sprint_one_cm":112446,"minecraft:walk_one_cm":373083,"minecraft:damage_blocked_by_shield":750,"minecraft:drop":2,"minecraft:talked_to_villager":3,"minecraft:play_time":107684,"minecraft:deaths":1,"minecraft:sneak_time":745,"minecraft:walk_under_water_one_cm":598,"minecraft:boat_one_cm":76346,"minecraft:jump":1540,"minecraft:walk_on_water_one_cm":5863,"minecraft:total_world_time":107684,"minecraft:interact_with_furnace":44,"minecraft:traded_with_villager":2,"minecraft:sleep_in_bed":2,"minecraft:time_since_rest":30742,"minecraft:damage_taken":964,"minecraft:damage_dealt":2380,"minecraft:swim_one_cm":19563,"minecraft:fly_one_cm":243120,"minecraft:open_chest":27,"minecraft:crouch_one_cm":799,"minecraft:fall_one_cm":30581},"minecraft:killed":{"minecraft:spider":4,"minecraft:skeleton":3,"minecraft:sheep":5,"minecraft:zombie":2,"minecraft:cow":4},"minecraft:dropped":{"minecraft:stick":1,"minecraft:wooden_pickaxe":1},"minecraft:mined":{"minecraft:diamond_ore":1,"minecraft:tuff":63,"minecraft:farmland":24,"minecraft:mossy_cobblestone":2,"minecraft:deepslate_diamond_ore":2,"minecraft:oak_door":1,"minecraft:cobblestone_stairs":3,"minecraft:brewing_stand":1,"minecraft:grass_block":183,"minecraft:composter":1,"minecraft:hay_block":26,"minecraft:raw_iron_block":1,"minecraft:furnace":3,"minecraft:iron_ore":6,"minecraft:moss_carpet":1,"minecraft:deepslate_lapis_ore":1,"minecraft:oak_sign":1,"minecraft:deepslate_iron_ore":41,"minecraft:dirt_path":76,"minecraft:oak_stairs":79,"minecraft:stone":53,"minecraft:deepslate_redstone_ore":1,"minecraft:dandelion":4,"minecraft:crafting_table":5,"minecraft:oak_fence":3,"minecraft:torch":3,"minecraft:poppy":2,"minecraft:white_stained_glass_pane":4,"minecraft:chest":4,"minecraft:copper_ore":4,"minecraft:tall_grass":20,"minecraft:cobblestone":17,"minecraft:deepslate_gold_ore":1,"minecraft:lapis_ore":1,"minecraft:oak_planks":44,"minecraft:sugar_cane":5,"minecraft:white_terracotta":57,"minecraft:cobblestone_wall":2,"minecraft:stripped_oak_wood":1,"minecraft:yellow_stained_glass_pane":5,"minecraft:grass":223,"minecraft:oak_log":95,"minecraft:coal_ore":7,"minecraft:dirt":65,"minecraft:gold_ore":1,"minecraft:deepslate":62},"minecraft:broken":{"minecraft:iron_shovel":2,"minecraft:wooden_axe":1},"minecraft:crafted":{"minecraft:oak_planks":104,"minecraft:raw_iron":9,"minecraft:furnace":4,"minecraft:cooked_mutton":2,"minecraft:iron_boots":1,"minecraft:iron_axe":1,"minecraft:stone_pickaxe":1,"minecraft:chest":1,"sophisticatedbackpacks:iron_backpack":1,"minecraft:wheat":234,"minecraft:cooked_cod":6,"sophisticatedbackpacks:backpack":1,"minecraft:emerald":1,"minecraft:crafting_table":2,"minecraft:wooden_pickaxe":1,"minecraft:iron_helmet":1,"minecraft:bucket":1,"basicweapons:diamond_quarterstaff":1,"minecraft:bread":78,"minecraft:air":0,"minecraft:oak_boat":1,"minecraft:iron_chestplate":1,"minecraft:diamond_pickaxe":1,"minecraft:shield":1,"minecraft:stick":28,"minecraft:iron_ingot":150,"minecraft:iron_pickaxe":1,"minecraft:wooden_axe":1,"minecraft:iron_shovel":3,"minecraft:iron_leggings":1,"minecraft:torch":36},"minecraft:killed_by":{"minecraft:spider":1}},"DataVersion":3465}