{"stats":{"minecraft:crafted":{"minecraft:cherry_planks":52,"minecraft:iron_axe":1,"minecraft:crafting_table":1,"minecraft:torch":4},"minecraft:mined":{"minecraft:hay_block":39,"universal_graves:grave":1,"minecraft:crafting_table":1,"minecraft:ladder":1,"minecraft:acacia_log":55,"minecraft:red_sand":1,"minecraft:decorated_pot":3,"minecraft:dead_bush":26,"minecraft:sand":5,"minecraft:tall_grass":2,"minecraft:cyan_bed":3,"minecraft:sugar_cane":3,"minecraft:wall_torch":1},"minecraft:dropped":{"minecraft:wheat_seeds":2,"universal_graves:grave_compass":1},"minecraft:used":{"minecraft:red_sand":1,"minecraft:iron_axe":59,"minecraft:cyan_bed":1,"minecraft:glass_bottle":4,"minecraft:bread":8,"minecraft:iron_sword":8,"minecraft:torch":1,"minecraft:sand":3,"minecraft:potion":6,"minecraft:hay_block":1,"minecraft:crafting_table":1,"minecraft:crossbow":5,"minecraft:arrow":2},"minecraft:custom":{"minecraft:time_since_rest":1239,"minecraft:sprint_one_cm":72762,"minecraft:walk_one_cm":211644,"minecraft:damage_taken":915,"minecraft:mob_kills":4,"minecraft:drop":3,"minecraft:damage_dealt":379,"minecraft:interact_with_crafting_table":2,"minecraft:swim_one_cm":68668,"minecraft:talked_to_villager":7,"minecraft:fly_one_cm":354038,"minecraft:open_barrel":6,"minecraft:open_chest":26,"minecraft:crouch_one_cm":368,"minecraft:deaths":2,"minecraft:play_time":97630,"minecraft:sneak_time":381,"minecraft:walk_under_water_one_cm":18673,"minecraft:jump":940,"minecraft:leave_game":1,"minecraft:walk_on_water_one_cm":9404,"minecraft:time_since_death":21965,"minecraft:sleep_in_bed":3,"minecraft:total_world_time":97630,"minecraft:climb_one_cm":1916,"minecraft:fall_one_cm":22056},"minecraft:killed":{"minecraft:skeleton":1,"minecraft:pillager":2},"minecraft:picked_up":{"minecraft:crafting_table":1,"minecraft:stick":34,"minecraft:ominous_bottle":1,"minecraft:ladder":1,"minecraft:sweet_berries":15,"minecraft:torch":1,"minecraft:acacia_log":55,"minecraft:sand":4,"minecraft:cyan_bed":3,"minecraft:friend_pottery_sherd":1,"minecraft:white_banner":1,"universal_graves:grave_compass":1,"minecraft:arrow":4,"minecraft:bone":2,"minecraft:rotten_flesh":10,"minecraft:wheat_seeds":2,"minecraft:decorated_pot":3,"minecraft:red_sand":1,"minecraft:hay_block":39,"minecraft:crossbow":1,"minecraft:warped_roots":1,"minecraft:sugar_cane":8,"minecraft:acacia_sapling":14}},"DataVersion":3953}