{"stats":{"minecraft:used":{"minecraft:water_bucket":6,"minecraft:red_sand":1,"minecraft:glass_bottle":16,"minecraft:shield":10,"minecraft:iron_sword":31,"minecraft:rotten_flesh":5,"minecraft:torch":1,"minecraft:sand":3,"minecraft:crafting_table":4,"minecraft:crossbow":5,"minecraft:cyan_bed":2,"minecraft:iron_axe":85,"minecraft:bread":15,"minecraft:iron_pickaxe":21,"minecraft:potion":19,"minecraft:hay_block":1,"minecraft:furnace":1,"minecraft:bucket":7,"minecraft:arrow":2},"minecraft:dropped":{"minecraft:wheat_seeds":2,"minecraft:rotten_flesh":4,"universal_graves:grave_compass":1},"minecraft:custom":{"minecraft:interact_with_furnace":6,"minecraft:mob_kills":19,"minecraft:interact_with_crafting_table":7,"minecraft:open_barrel":6,"minecraft:leave_game":2,"minecraft:time_since_death":5460,"minecraft:sleep_in_bed":4,"minecraft:climb_one_cm":1916,"minecraft:time_since_rest":5467,"minecraft:sprint_one_cm":101734,"minecraft:damage_taken":1588,"minecraft:walk_one_cm":278760,"minecraft:damage_blocked_by_shield":510,"minecraft:drop":4,"minecraft:damage_dealt":3281,"minecraft:swim_one_cm":70373,"minecraft:talked_to_villager":9,"minecraft:fly_one_cm":399720,"minecraft:open_chest":26,"minecraft:crouch_one_cm":369,"minecraft:play_time":119703,"minecraft:deaths":3,"minecraft:sneak_time":387,"minecraft:walk_under_water_one_cm":23060,"minecraft:jump":1344,"minecraft:walk_on_water_one_cm":24695,"minecraft:total_world_time":119703,"minecraft:fall_one_cm":29430},"minecraft:mined":{"minecraft:crafting_table":4,"minecraft:ladder":1,"minecraft:red_sand":1,"minecraft:acacia_log":55,"minecraft:decorated_pot":3,"minecraft:dead_bush":26,"minecraft:tall_grass":3,"minecraft:copper_ore":1,"minecraft:cyan_bed":3,"minecraft:sugar_cane":3,"minecraft:wall_torch":1,"minecraft:hay_block":46,"universal_graves:grave":1,"minecraft:furnace":1,"minecraft:iron_ore":3,"minecraft:coal_ore":3,"minecraft:sand":5,"minecraft:stone":13},"minecraft:crafted":{"minecraft:cherry_planks":52,"minecraft:crafting_table":1,"minecraft:furnace":1,"minecraft:bucket":1,"minecraft:air":0,"minecraft:shield":1,"minecraft:iron_axe":1,"minecraft:iron_ingot":12,"resource_backpacks:backpack_iron":1,"minecraft:acacia_planks":32,"minecraft:torch":4},"minecraft:killed":{"minecraft:skeleton":3,"minecraft:pillager":2,"minecraft:zombie":13},"minecraft:picked_up":{"minecraft:crafting_table":4,"minecraft:ominous_bottle":1,"minecraft:ladder":1,"minecraft:glow_ink_sac":4,"minecraft:chest_minecart":1,"minecraft:white_banner":1,"minecraft:raw_copper":51,"universal_graves:grave_compass":1,"minecraft:bone":2,"basicweapons:iron_spear":1,"minecraft:activator_rail":1,"minecraft:bow":1,"minecraft:wheat_seeds":2,"minecraft:red_sand":1,"minecraft:detector_rail":2,"basicweapons:iron_dagger":1,"minecraft:iron_pickaxe":1,"minecraft:powered_rail":5,"minecraft:sugar_cane":8,"minecraft:acacia_sapling":14,"minecraft:furnace":1,"minecraft:stick":34,"minecraft:raw_iron":21,"minecraft:sweet_berries":53,"minecraft:torch":1,"minecraft:acacia_log":55,"minecraft:fire_charge":2,"minecraft:sand":4,"minecraft:friend_pottery_sherd":1,"minecraft:cyan_bed":3,"minecraft:arrow":7,"minecraft:rotten_flesh":19,"minecraft:decorated_pot":3,"minecraft:hay_block":46,"minecraft:crossbow":1,"minecraft:warped_roots":1,"minecraft:glow_berries":5,"minecraft:coal":24,"minecraft:rail":1,"minecraft:cobblestone":13},"minecraft:killed_by":{"minecraft:skeleton":1}},"DataVersion":3953}