{"stats":{"minecraft:crafted":{"minecraft:cherry_planks":52,"minecraft:furnace":1,"minecraft:bone_meal":576,"minecraft:raw_copper":18,"minecraft:iron_axe":2,"minecraft:chest":4,"minecraft:wheat":497,"minecraft:stripped_oak_log":48,"minecraft:diamond_sword":1,"minecraft:emerald":90,"minecraft:crafting_table":1,"minecraft:iron_sword":1,"minecraft:bell":5,"minecraft:bucket":1,"minecraft:bread":135,"minecraft:air":0,"minecraft:shield":1,"minecraft:iron_ingot":12,"minecraft:iron_shovel":4,"resource_backpacks:backpack_iron":1,"resource_backpacks:backpack_diamond":1,"minecraft:acacia_planks":220,"minecraft:torch":32},"minecraft:mined":{"minecraft:tuff":4,"minecraft:oak_sapling":1,"minecraft:farmland":24,"minecraft:deepslate_diamond_ore":5,"minecraft:ladder":1,"minecraft:red_sand":1,"minecraft:acacia_log":55,"minecraft:grass_block":1032,"minecraft:decorated_pot":3,"minecraft:moss_block":1,"minecraft:composter":1,"minecraft:large_fern":11,"minecraft:hay_block":98,"universal_graves:grave":1,"minecraft:furnace":1,"minecraft:iron_ore":11,"minecraft:cobbled_deepslate":3,"minecraft:andesite":1,"minecraft:bookshelf":1,"minecraft:deepslate_iron_ore":1,"minecraft:dirt_path":243,"minecraft:stone":26,"minecraft:blackstone":1,"minecraft:dandelion":3,"minecraft:oak_fence":3,"minecraft:crafting_table":7,"minecraft:torch":4,"minecraft:short_grass":226,"minecraft:poppy":1,"minecraft:dead_bush":26,"minecraft:stone_slab":1,"minecraft:tall_grass":29,"minecraft:copper_ore":1,"minecraft:cobblestone":1,"minecraft:cyan_bed":3,"minecraft:oak_planks":28,"minecraft:sugar_cane":3,"minecraft:wall_torch":1,"minecraft:seagrass":1,"minecraft:wheat":1,"minecraft:stripped_oak_wood":1,"minecraft:oak_log":238,"minecraft:coal_ore":5,"minecraft:gravel":4,"minecraft:sand":5,"minecraft:dirt":346,"minecraft:cobweb":6,"minecraft:oak_leaves":8,"minecraft:deepslate":70,"minecraft:fern":26},"minecraft:broken":{"minecraft:iron_shovel":4,"minecraft:iron_axe":1,"minecraft:iron_pickaxe":1},"minecraft:killed":{"minecraft:cave_spider":6,"minecraft:witch":1,"minecraft:spider":2,"creeperoverhaul:dripstone_creeper":1,"minecraft:skeleton":5,"minecraft:bat":1,"minecraft:pillager":2,"minecraft:zombie":18},"minecraft:picked_up":{"minecraft:crafting_table":7,"minecraft:wheat":288,"minecraft:ominous_bottle":1,"minecraft:ladder":1,"minecraft:chest_minecart":1,"minecraft:lead":2,"minecraft:stone_slab":1,"minecraft:potion":1,"minecraft:cornflower":3,"minecraft:string":15,"minecraft:raw_copper":51,"universal_graves:grave_compass":1,"minecraft:activator_rail":1,"minecraft:cobbled_deepslate":69,"minecraft:red_sand":1,"minecraft:gold_nugget":2,"minecraft:detector_rail":2,"minecraft:iron_pickaxe":2,"minecraft:poppy":1,"minecraft:sugar_cane":8,"minecraft:furnace":1,"minecraft:egg":1,"minecraft:stick":121,"minecraft:raw_iron":59,"minecraft:composter":1,"minecraft:oak_fence":5,"minecraft:torch":9,"minecraft:acacia_log":70,"minecraft:fire_charge":2,"minecraft:carrot":7,"minecraft:friend_pottery_sherd":1,"minecraft:redstone":5,"minecraft:arrow":11,"minecraft:rotten_flesh":22,"minecraft:decorated_pot":3,"minecraft:hay_block":98,"minecraft:glow_berries":5,"minecraft:cobblestone":28,"minecraft:rail":1,"minecraft:glow_ink_sac":8,"minecraft:andesite":1,"minecraft:leather":52,"minecraft:potato":1,"minecraft:oak_log":236,"minecraft:gunpowder":1,"minecraft:dirt":1678,"minecraft:white_banner":1,"minecraft:bone":5,"minecraft:acacia_planks":62,"minecraft:apple":12,"basicweapons:iron_spear":1,"minecraft:bow":1,"minecraft:wheat_seeds":69,"minecraft:stripped_oak_wood":1,"basicweapons:iron_dagger":1,"minecraft:powered_rail":5,"minecraft:moss_block":2,"minecraft:acacia_sapling":14,"minecraft:oak_planks":30,"duckling:duck_egg":10,"minecraft:book":3,"minecraft:sweet_berries":53,"minecraft:dandelion":3,"minecraft:gravel":3,"minecraft:sand":4,"minecraft:ink_sac":2,"minecraft:cyan_bed":3,"minecraft:spider_eye":2,"minecraft:diamond":14,"minecraft:crossbow":1,"minecraft:bone_meal":354,"minecraft:bread":7,"minecraft:warped_roots":1,"minecraft:oak_sapling":135,"minecraft:coal":55},"minecraft:used":{"minecraft:oak_fence":2,"minecraft:moss_block":1,"minecraft:red_sand":1,"minecraft:iron_shovel":1062,"minecraft:chest":4,"minecraft:decorated_pot":1,"minecraft:shield":14,"minecraft:iron_sword":37,"minecraft:rotten_flesh":5,"minecraft:torch":22,"minecraft:dirt":296,"toughasnails:diamond_purified_water_canteen":8,"minecraft:bookshelf":1,"minecraft:iron_axe":418,"minecraft:item_frame":2,"minecraft:bow":1,"minecraft:hay_block":1,"minecraft:oak_sapling":19,"minecraft:furnace":1,"duckling:duck_egg":10,"minecraft:egg":1,"minecraft:cobbled_deepslate":5,"minecraft:arrow":2,"minecraft:water_bucket":12,"minecraft:glass_bottle":16,"minecraft:oak_planks":32,"minecraft:sand":3,"minecraft:crafting_table":8,"minecraft:crossbow":5,"minecraft:cornflower":3,"minecraft:bread":36,"minecraft:cyan_bed":3,"minecraft:iron_pickaxe":133,"minecraft:gravel":3,"minecraft:cobblestone":2,"minecraft:potion":23,"minecraft:bucket":13,"minecraft:oak_boat":2,"minecraft:dandelion":1,"minecraft:splash_potion":3,"minecraft:bone_meal":161},"minecraft:dropped":{"minecraft:bread":7,"minecraft:moss_block":1,"minecraft:wheat_seeds":5,"minecraft:glow_ink_sac":4,"minecraft:cobblestone":1,"minecraft:leather":52,"minecraft:dirt":64,"minecraft:ink_sac":2,"minecraft:gold_nugget":4,"minecraft:bone_meal":378,"minecraft:acacia_planks":62,"minecraft:bone":2,"minecraft:wheat":334,"minecraft:rotten_flesh":8,"universal_graves:grave_compass":1,"minecraft:clay_ball":1,"minecraft:orange_wool":1,"minecraft:gunpowder":1,"minecraft:andesite":1},"minecraft:custom":{"minecraft:mob_kills":38,"minecraft:interact_with_crafting_table":30,"minecraft:open_barrel":44,"minecraft:leave_game":4,"minecraft:time_since_death":78499,"minecraft:climb_one_cm":4313,"minecraft:sprint_one_cm":268579,"minecraft:walk_one_cm":813515,"minecraft:damage_blocked_by_shield":1384,"minecraft:drop":63,"minecraft:talked_to_villager":48,"minecraft:play_time":235440,"minecraft:sneak_time":947,"minecraft:deaths":5,"minecraft:walk_under_water_one_cm":27821,"minecraft:jump":3197,"minecraft:walk_on_water_one_cm":43150,"minecraft:total_world_time":235440,"minecraft:interact_with_furnace":6,"minecraft:traded_with_villager":109,"minecraft:sleep_in_bed":9,"minecraft:time_since_rest":5790,"minecraft:damage_taken":2848,"minecraft:damage_dealt":6248,"minecraft:swim_one_cm":70749,"minecraft:fly_one_cm":822958,"minecraft:open_chest":65,"minecraft:crouch_one_cm":428,"minecraft:fall_one_cm":70670},"minecraft:killed_by":{"minecraft:creeper":1,"minecraft:skeleton":1,"minecraft:zombie":1}},"DataVersion":3953}