{"stats":{"minecraft:picked_up":{"minecraft:wheat":127,"minecraft:chainmail_boots":1,"minecraft:enchanted_book":1,"minecraft:stone_brick_stairs":1,"minecraft:string":33,"minecraft:raw_copper":229,"minecraft:activator_rail":9,"minecraft:diamond_leggings":3,"minecraft:cobbled_deepslate":1285,"minecraft:redstone_torch":3,"minecraft:iron_pickaxe":4,"minecraft:coal_block":4,"minecraft:iron_boots":5,"minecraft:furnace":1,"minecraft:golden_helmet":1,"minecraft:tipped_arrow":2,"minecraft:stick":202,"minecraft:torch":266,"minecraft:acacia_log":1,"deeperdarker:heart_of_the_deep":4,"minecraft:villager_spawn_egg":1,"minecraft:honeycomb_block":2,"minecraft:rotten_flesh":26,"minecraft:bookshelf":1,"minecraft:obsidian":128,"minecraft:cod":1,"minecraft:snowball":14,"minecraft:cobblestone":1017,"minecraft:birch_log":132,"minecraft:cooked_beef":18,"minecraft:potato":79,"minecraft:flint":2,"minecraft:tuff":98,"minecraft:lapis_lazuli":388,"minecraft:dirt":837,"basicweapons:iron_club":2,"minecraft:name_tag":4,"minecraft:bone":43,"minecraft:chipped_anvil":1,"basicweapons:iron_spear":4,"minecraft:stonecutter":4,"minecraft:wheat_seeds":248,"minecraft:raw_gold":91,"minecraft:bell":1,"the_bumblezone:bee_bread":1,"minecraft:mossy_stone_bricks":3,"minecraft:fletching_table":2,"minecraft:diamond_helmet":3,"minecraft:powered_rail":42,"minecraft:oak_planks":19,"minecraft:honeycomb":11,"patchouli:guide_book":4,"minecraft:axolotl_bucket":2,"sophisticatedbackpacks:iron_backpack":1,"minecraft:mossy_cobblestone":10,"minecraft:iron_hoe":1,"minecraft:sugar":7,"minecraft:diamond":189,"minecraft:lever":1,"minecraft:bone_meal":4,"minecraft:grass":1,"minecraft:golden_apple":10,"minecraft:emerald":18,"minecraft:bread":2,"minecraft:oak_sapling":235,"the_bumblezone:porous_honeycomb_block":16,"minecraft:crafting_table":6,"minecraft:clay_ball":4,"minecraft:golden_pickaxe":4,"simplyswords:diamond_katana":3,"minecraft:brown_mushroom":4,"minecraft:shield":3,"minecraft:iron_axe":3,"the_bumblezone:empty_honeycomb_brood_block":2,"minecraft:iron_shovel":2,"deeperdarker:warden_carapace":5,"minecraft:detector_rail":1,"simplyswords:iron_longsword":2,"minecraft:beef":36,"minecraft:poppy":18,"minecraft:minecart":19,"minecraft:birch_sapling":50,"minecraft:raw_iron":172,"minecraft:carrot":50,"minecraft:redstone":93,"minecraft:arrow":23,"minecraft:diamond_chestplate":5,"scout:satchel":5,"minecraft:hay_block":4,"minecraft:gold_ingot":149,"minecraft:glow_berries":57,"minecraft:rail":69,"minecraft:bone_block":7,"minecraft:leather":20,"scout:pouch":8,"minecraft:oak_log":435,"minecraft:cobblestone_stairs":146,"minecraft:stone_bricks":3,"minecraft:apple":23,"torchesntrinkets:torch_belt":2,"minecraft:iron_ingot":245,"minecraft:stone_pickaxe":2,"minecraft:iron_ore":79,"basicweapons:iron_dagger":2,"sophisticatedbackpacks:diamond_backpack":1,"minecraft:book":24,"minecraft:sculk_catalyst":4,"minecraft:oak_slab":5,"minecraft:dandelion":6,"minecraft:gravel":2,"minecraft:blast_furnace":1,"minecraft:spider_eye":5,"minecraft:pumpkin_seeds":12,"minecraft:slime_ball":44,"minecraft:honey_block":5,"the_bumblezone:pollen_puff":34,"minecraft:baked_potato":20,"minecraft:melon_seeds":9,"minecraft:coal":462,"minecraft:ender_pearl":3},"minecraft:broken":{"minecraft:iron_shovel":2,"minecraft:iron_hoe":1,"minecraft:shield":1},"minecraft:dropped":{"minecraft:lapis_lazuli":7,"minecraft:dirt":19,"minecraft:axolotl_bucket":1,"minecraft:cobbled_deepslate":64,"minecraft:rotten_flesh":5,"minecraft:oak_planks":4,"minecraft:melon_seeds":3,"minecraft:chainmail_boots":1,"minecraft:iron_ingot":5,"minecraft:wheat_seeds":9,"minecraft:cobblestone":1,"minecraft:stick":14,"minecraft:torch":1,"minecraft:deepslate":1,"minecraft:pumpkin_seeds":8,"minecraft:oak_sapling":40},"minecraft:custom":{"minecraft:animals_bred":8,"minecraft:interact_with_crafting_table":76,"minecraft:open_barrel":73,"minecraft:leave_game":4,"minecraft:time_since_death":90667,"minecraft:sprint_one_cm":765013,"minecraft:damage_blocked_by_shield":5970,"minecraft:drop":29,"minecraft:talked_to_villager":63,"minecraft:play_time":489723,"minecraft:deaths":7,"minecraft:jump":6079,"minecraft:walk_on_water_one_cm":10045,"minecraft:enchant_item":9,"minecraft:interact_with_furnace":117,"minecraft:traded_with_villager":152,"minecraft:sleep_in_bed":9,"minecraft:damage_dealt":30497,"minecraft:crouch_one_cm":24000,"minecraft:interact_with_smoker":9,"minecraft:mob_kills":91,"minecraft:interact_with_anvil":27,"minecraft:climb_one_cm":2779,"minecraft:walk_one_cm":1394292,"minecraft:sneak_time":9482,"minecraft:walk_under_water_one_cm":687,"minecraft:interact_with_blast_furnace":1,"minecraft:total_world_time":489723,"minecraft:interact_with_grindstone":3,"minecraft:interact_with_stonecutter":6,"minecraft:time_since_rest":37474,"minecraft:damage_taken":5073,"minecraft:minecart_one_cm":222705,"minecraft:fly_one_cm":1300655,"minecraft:open_chest":132,"minecraft:fish_caught":1,"minecraft:fall_one_cm":133556},"minecraft:crafted":{"minecraft:smooth_stone":24,"minecraft:oak_planks":1332,"minecraft:stone":34,"minecraft:lever":2,"minecraft:diamond_shovel":1,"minecraft:bookshelf":11,"minecraft:diamond_helmet":2,"minecraft:diamond_leggings":1,"minecraft:raw_copper":54,"minecraft:stone_pressure_plate":3,"minecraft:chest":6,"minecraft:oak_fence":42,"minecraft:smoker":1,"minecraft:oak_slab":36,"sophisticatedbackpacks:backpack":1,"minecraft:emerald":136,"immersive_melodies:didgeridoo":1,"minecraft:diamond_axe":2,"minecraft:crafting_table":3,"minecraft:copper_ingot":220,"minecraft:fletching_table":1,"simplyswords:diamond_katana":1,"minecraft:diamond_pickaxe":2,"minecraft:purple_dye":2,"minecraft:yellow_dye":2,"minecraft:shield":2,"sophisticatedbackpacks:diamond_backpack":1,"minecraft:stick":1842,"minecraft:iron_ingot":257,"minecraft:iron_block":4,"minecraft:gold_ingot":139,"minecraft:composter":1,"animal_feeding_trough:feeding_trough":2,"minecraft:raw_iron":9,"minecraft:coal":207,"minecraft:fishing_rod":1,"minecraft:furnace":9,"minecraft:blast_furnace":1,"minecraft:bone_meal":611,"minecraft:flint_and_steel":1,"minecraft:detector_rail":18,"minecraft:iron_axe":5,"minecraft:iron_hoe":2,"minecraft:minecart":1,"minecraft:wheat":36,"sophisticatedbackpacks:iron_backpack":8,"minecraft:cooked_beef":36,"minecraft:red_dye":2,"minecraft:enchanting_table":1,"minecraft:powered_rail":72,"minecraft:iron_sword":2,"sophisticatedbackpacks:gold_backpack":1,"minecraft:bucket":1,"minecraft:orange_dye":2,"minecraft:bread":66,"minecraft:air":0,"torchesntrinkets:torch_belt":1,"minecraft:blue_dye":4,"minecraft:oak_boat":1,"minecraft:oak_fence_gate":4,"minecraft:raw_gold":18,"adventurez:ender_flute":1,"minecraft:iron_shovel":3,"minecraft:anvil":1,"minecraft:stonecutter":1,"minecraft:torch":108},"minecraft:killed_by":{"minecraft:cave_spider":1,"minecraft:zombie":2,"minecraft:warden":1,"minecraft:skeleton":2},"minecraft:mined":{"minecraft:farmland":2,"minecraft:cobblestone_stairs":100,"minecraft:obsidian":133,"minecraft:grass_block":654,"minecraft:coal_block":4,"minecraft:cobbled_deepslate":9,"minecraft:iron_ore":7,"minecraft:fire":7,"minecraft:fletching_table":2,"minecraft:deepslate_lapis_ore":8,"the_bumblezone:honeycomb_brood_block":2,"minecraft:tripwire":8,"minecraft:deepslate_redstone_ore":6,"minecraft:soul_fire":2,"the_bumblezone:pile_of_pollen":4,"minecraft:clay":1,"minecraft:torch":24,"minecraft:blast_furnace":1,"minecraft:poppy":16,"minecraft:cobblestone":16,"minecraft:honeycomb_block":2,"minecraft:wall_torch":1,"the_bumblezone:porous_honeycomb_block":12,"minecraft:deepslate_copper_ore":3,"minecraft:seagrass":2,"minecraft:powered_rail":26,"minecraft:birch_log":118,"minecraft:activator_rail":1,"minecraft:grass":277,"minecraft:oak_log":419,"minecraft:dirt":104,"minecraft:stonecutter":4,"minecraft:oak_leaves":56,"minecraft:deepslate":701,"minecraft:tuff":58,"minecraft:mossy_cobblestone":10,"minecraft:dark_oak_leaves":1,"minecraft:deepslate_diamond_ore":18,"minecraft:glow_lichen":1,"minecraft:lever":1,"the_bumblezone:filled_porous_honeycomb_block":4,"minecraft:hay_block":4,"minecraft:redstone_ore":1,"minecraft:furnace":1,"minecraft:bell":1,"minecraft:bookshelf":8,"minecraft:deepslate_iron_ore":32,"minecraft:rail":16,"minecraft:stone":1005,"minecraft:oak_slab":5,"minecraft:dandelion":6,"minecraft:crafting_table":2,"minecraft:honey_block":5,"mysticaloaktree:wise_oak":1,"minecraft:tall_grass":43,"minecraft:copper_ore":11,"minecraft:lapis_ore":1,"minecraft:deepslate_gold_ore":15,"minecraft:redstone_torch":3,"minecraft:birch_leaves":1,"minecraft:coal_ore":12,"minecraft:gravel":5,"minecraft:gold_ore":2,"minecraft:mossy_stone_bricks":1,"minecraft:chipped_anvil":1},"minecraft:killed":{"minecraft:cave_spider":1,"minecraft:spider":9,"the_bumblezone:honey_slime":4,"minecraft:skeleton":16,"minecraft:axolotl":1,"minecraft:zombie":30,"minecraft:stray":1,"minecraft:cow":18,"minecraft:warden":3,"camocreepers:camo_creeper":1,"creeperoverhaul:savannah_creeper":1,"minecraft:enderman":1},"minecraft:used":{"minecraft:iron_shovel":540,"minecraft:poppy":2,"minecraft:axolotl_spawn_egg":2,"minecraft:chest":5,"minecraft:shield":88,"minecraft:stone":12,"minecraft:iron_sword":14,"minecraft:bell":1,"minecraft:rotten_flesh":4,"minecraft:carrot":12,"minecraft:axolotl_bucket":4,"minecraft:snowball":132,"minecraft:milk_bucket":1,"minecraft:obsidian":14,"minecraft:villager_spawn_egg":7,"simplyswords:iron_longsword":39,"mysticaloaktree:wise_oak":1,"minecraft:stone_brick_stairs":1,"minecraft:stone_bricks":3,"minecraft:oak_sapling":80,"minecraft:furnace":7,"minecraft:potato":20,"minecraft:mossy_stone_bricks":3,"minecraft:cow_spawn_egg":7,"minecraft:powered_rail":150,"minecraft:stone_pickaxe":114,"minecraft:oak_planks":38,"minecraft:ender_pearl":1,"minecraft:composter":1,"minecraft:diamond_axe":383,"minecraft:glow_berries":28,"minecraft:blast_furnace":2,"minecraft:redstone_torch":24,"minecraft:lever":2,"minecraft:bread":3,"minecraft:string":9,"minecraft:gravel":2,"minecraft:deepslate":1,"minecraft:bone_meal":398,"minecraft:golden_pickaxe":462,"the_bumblezone:honeycomb_brood_block":4,"minecraft:oak_fence":42,"minecraft:flint_and_steel":1,"minecraft:enchanting_table":1,"minecraft:torch":241,"minecraft:dirt":265,"minecraft:anvil":1,"the_bumblezone:porous_honeycomb_block":6,"minecraft:oak_fence_gate":4,"minecraft:iron_hoe":119,"minecraft:chipped_anvil":1,"minecraft:bookshelf":33,"minecraft:iron_axe":404,"minecraft:minecart":18,"minecraft:cooked_beef":30,"minecraft:cobbled_deepslate":93,"minecraft:wheat_seeds":101,"minecraft:water_bucket":58,"minecraft:cobblestone_stairs":284,"simplyswords:diamond_katana":286,"minecraft:baked_potato":30,"minecraft:fletching_table":3,"minecraft:stonecutter":4,"animal_feeding_trough:feeding_trough":2,"minecraft:rail":67,"the_bumblezone:pollen_puff":4,"minecraft:oak_slab":24,"minecraft:crafting_table":4,"minecraft:cod":1,"minecraft:smoker":1,"minecraft:oak_log":2,"minecraft:diamond_pickaxe":336,"minecraft:activator_rail":1,"minecraft:diamond_shovel":684,"minecraft:iron_pickaxe":3568,"minecraft:detector_rail":30,"minecraft:fishing_rod":3,"minecraft:cobblestone":226,"minecraft:bucket":63}},"DataVersion":3465}